{
  "MarkBorja": {
    "first_name": "Mark",
    "last_name": "Borja",
    "profile_picture": "res://assets/pictures/characters/MarkBorja.png",
    "fb_profile_uid": "MarkBorja"
  },
  "NicoleLacsamana": {
    "first_name": "Nicole",
    "last_name": "Lacsamana",
    "profile_picture": "res://assets/pictures/characters/NicoleLacsamana.png",
		"fb_profile_uid": "NicoleLacsamana"
  },
  "CathyPortillo": {
    "first_name": "Cathy",
    "last_name": "Portillo",
    "profile_picture": "res://assets/pictures/characters/CathyPortillo.png",
    "fb_profile_uid": "CathyPortillo"
  },
  "RidelGonzales": {
    "first_name": "Ridel",
    "last_name": "Gonzales",
    "profile_picture": "res://assets/pictures/characters/RidelGonzales.png",
		"fb_profile_uid": "RidelGonzales"
  },
  "LouiseOrdunia": {
    "first_name": "Louise",
    "last_name": "Ordunia",
    "profile_picture": "res://assets/pictures/characters/LouiseOrdunia.png",
		"fb_profile_uid": "LouiseOrdunia"
  },
  "SofiaRubio": {
    "first_name": "Sofia",
    "last_name": "Rubio",
    "profile_picture": "res://assets/pictures/characters/SofiaRubio.png",
		"fb_profile_uid": "SofiaRubio"
  },
  "RyanSoriano": {
    "first_name": "Ryan",
    "last_name": "Soriano",
    "profile_picture": "res://assets/pictures/characters/RyanSoriano.png",
		"fb_profile_uid": "RyanSoriano"
  },
  "MikeAguilar": {
    "first_name": "Mike",
    "last_name": "Aguilar",
    "profile_picture": "res://assets/pictures/characters/MikeAguilar.png",
		"fb_profile_uid": "MikeAguilar"
  },
  "JessicaBautista": {
    "first_name": "Jessica",
    "last_name": "Bautista",
    "profile_picture": "res://assets/pictures/characters/JessicaBautista.png",
    "fb_profile_uid": "JessicaBautista"
  },
  "KateCorpuz": {
    "first_name": "Kate",
    "last_name": "Corpuz",
    "profile_picture": "res://assets/pictures/characters/JessicaBautista.png",
    "fb_profile_uid": "JessicaBautista"
  },
  "KhyleParedes": {
    "first_name": "Khyle",
    "last_name": "Paredes",
    "profile_picture": "res://assets/pictures/characters/KhyleParedes.png",
    "fb_profile_uid": "KhyleParedes"
  },
  "JunjunChavez": {
    "first_name": "Junjun",
    "last_name": "Chavez",
    "profile_picture": "res://assets/misc/display_picture.png",
    "fb_profile_uid": "JunjunChavez"
  },
  "MiguelArmando": {
    "first_name": "Miguel",
    "last_name": "Armando",
    "profile_picture": "res://assets/misc/display_picture.png",
    "fb_profile_uid": "LouiseOrdunia"
  },
  "BrianPascual": {
    "first_name": "Brian",
    "last_name": "Pascual",
    "profile_picture": "res://assets/misc/display_picture.png",
    "fb_profile_uid": "qbnll2ekbx8"
  },
  "AngelNaval": {
    "first_name": "Angel",
    "last_name": "Naval",
    "profile_picture": "res://assets/pictures/characters/AngelNaval.png",
    "fb_profile_uid": "q9q31rh8dsm"
  },
  "EdwardNepomuceno": {
    "first_name": "Edward",
    "last_name": "Nepomuceno",
    "profile_picture": "res://assets/pictures/characters/EdwardNepomuceno.png",
    "fb_profile_uid": "6588lolz129"
  },
  "JamieArellano": {
    "first_name": "Jamie",
    "last_name": "Arellano",
    "profile_picture": "res://assets/misc/display_picture.png",
    "fb_profile_uid": "i85jcaa588"
  },
  "MauraPongco": {
    "first_name": "Maura",
    "last_name": "Pongco",
    "profile_picture": "res://assets/misc/display_picture.png",
    "fb_profile_uid": "wm6pdega1"
  },
  "KarlUy": {
    "first_name": "Karl Lee",
    "last_name": "Uy",
    "profile_picture": "res://assets/misc/display_picture.png",
    "fb_profile_uid": "9wp8srvl3qh"
  },
  "GabbySantos": {
    "first_name": "Gabby",
    "last_name": "Santos",
    "profile_picture": "res://assets/misc/display_picture.png",
    "fb_profile_uid": "j1o0yt2ffgr"
  },
  "FayeBriones": {
    "first_name": "Genie Faye",
    "last_name": "Briones",
    "profile_picture": "res://assets/misc/display_picture.png",
    "fb_profile_uid": "74vai12uakr"
  },
  "GabriellaPanganiban": {
    "first_name": "Gabriella Mae",
    "last_name": "Panganiban",
    "profile_picture": "res://assets/misc/display_picture.png",
    "fb_profile_uid": "2emgs3nk3r8"
  },
  "WilfredCelestial": {
    "first_name": "Wilfred",
    "last_name": "Celestial",
    "profile_picture": "res://assets/misc/display_picture.png",
    "fb_profile_uid": "vwv1ab8m5p"
  },
  "CharlesMayo": {
    "first_name": "Charles Dan",
    "last_name": "Mayo",
    "profile_picture": "res://assets/pictures/characters/CharlesMayo.png",
    "fb_profile_uid": "pwax8oe3cpd"
  },
  "GabrielTrujillo": {
    "first_name": "Gabriel",
    "last_name": "Trujillo",
    "profile_picture": "res://assets/misc/display_picture.png",
    "fb_profile_uid": "47vj7aoidy"
  },
  "EmilyNieves": {
    "first_name": "Emily Joie",
    "last_name": "Nieves",
    "profile_picture": "res://assets/misc/display_picture.png",
    "fb_profile_uid": "f064e6zex9i"
  },
  "IanDimaunahan": {
    "first_name": "Sebastian Ian",
    "last_name": "Dimaunahan",
    "profile_picture": "res://assets/misc/display_picture.png",
    "fb_profile_uid": "ag7c0vxtfpg"
  },
  "RubySantos": {
    "first_name": "Fatima Ruby",
    "last_name": "Santos",
    "profile_picture": "res://assets/misc/display_picture.png",
    "fb_profile_uid": "bntnkvjfrc"
  },
  "KarenEspino": {
    "first_name": "Karen",
    "last_name": "Espino",
    "profile_picture": "res://assets/misc/display_picture.png",
    "fb_profile_uid": "ypbj5wky44"
  },
  "ChescaDelaCruz": {
    "first_name": "Chesca",
    "last_name": "Dela Cruz",
    "profile_picture": "res://assets/misc/display_picture.png",
    "fb_profile_uid": "7h3iq63xi0c"
  },
  "MarlewAndrade": {
    "first_name": "Marlew",
    "last_name": "Andrade",
    "profile_picture": "res://assets/pictures/characters/MarlewAndrade.png",
    "fb_profile_uid": "l1ux3sl76m"
  },
  "AlexMiranda": {
    "first_name": "Alex",
    "last_name": "Miranda",
    "profile_picture": "res://assets/pictures/characters/KhyleParedes.png",
    "fb_profile_uid": "gkdhff9h8tv"
  }
}
