{
  "Anonymous": {
    "first_name": "匿名",
    "last_name": "",
    "fb_profile_uid": "pl4zxxc28kr"
  },
  "MarkBorja": {
    "first_name": "马克",
    "last_name": "博尔哈",
    "fb_profile_uid": "MarkBorja"
  },
  "NicoleLacsamana": {
    "first_name": "妮可",
    "last_name": "拉卡萨马娜",
		"fb_profile_uid": "NicoleLacsamana"
  },
  "CathyPortillo": {
    "first_name": "凯茜",
    "last_name": "波蒂略",
    "fb_profile_uid": "CathyPortillo"
  },
  "RidelGonzales": {
    "first_name": "里德尔",
    "last_name": "冈萨雷斯",
		"fb_profile_uid": "RidelGonzales"
  },
  "LouiseOrdunia": {
    "first_name": "露易丝",
    "last_name": "奥尔杜尼亚",
		"fb_profile_uid": "LouiseOrdunia"
  },
  "SofiaRubio": {
    "first_name": "索菲娅",
    "last_name": "卢比奥",
		"fb_profile_uid": "SofiaRubio"
  },
  "RyanSoriano": {
    "first_name": "瑞恩",
    "last_name": "索里亚诺",
		"fb_profile_uid": "RyanSoriano"
  },
  "MikeAguilar": {
    "first_name": "麦克",
    "last_name": "阿吉拉尔",
		"fb_profile_uid": "MikeAguilar"
  },
  "JessicaBautista": {
    "first_name": "杰茜卡",
    "last_name": "包蒂斯塔",
    "fb_profile_uid": "JessicaBautista"
  },
  "KateCorpuz": {
    "first_name": "凯特",
    "last_name": "科普兹",
    "fb_profile_uid": "ohfud2nv1gb"
  },
  "KhyleParedes": {
    "first_name": "凯尔",
    "last_name": "帕雷德斯",
    "fb_profile_uid": "KhyleParedes"
  },
  "JunjunChavez": {
    "first_name": "俊军",
    "last_name": "查维斯",
    "fb_profile_uid": "JunjunChavez"
  },
  "MiguelArmando": {
    "first_name": "米格尔",
    "last_name": "阿曼多",
    "fb_profile_uid": "MarkBorja"
  },
  "BrianPascual": {
    "first_name": "布莱恩",
    "last_name": "帕斯夸尔",
    "fb_profile_uid": "qbnll2ekbx8"
  },
  "AngelNaval": {
    "first_name": "安琪儿",
    "last_name": "纳瓦尔",
    "fb_profile_uid": "q9q31rh8dsm"
  },
  "EdwardNepomuceno": {
    "first_name": "爱德华",
    "last_name": "内波穆塞诺",
    "fb_profile_uid": "6588lolz129"
  },
  "JamieArellano": {
    "first_name": "杰米",
    "last_name": "阿雷拉诺",
    "fb_profile_uid": "i85jcaa588"
  },
  "MauraPongco": {
    "first_name": "莫拉",
    "last_name": "彭科",
    "fb_profile_uid": "wm6pdega1"
  },
  "KarlUy": {
    "first_name": "卡尔·李",
    "last_name": "乌伊",
    "fb_profile_uid": "9wp8srvl3qh"
  },
  "GabbySantos": {
    "first_name": "盖比",
    "last_name": "桑托斯",
    "fb_profile_uid": "j1o0yt2ffgr"
  },
  "FayeBriones": {
    "first_name": "费伊",
    "last_name": "布里奥尼斯",
    "fb_profile_uid": "74vai12uakr"
  },
  "GabriellaPanganiban": {
    "first_name": "加布里埃拉·梅",
    "last_name": "潘加尼班",
    "fb_profile_uid": "2emgs3nk3r8"
  },
  "WilfredCelestial": {
    "first_name": "威尔弗雷德",
    "last_name": "瑟雷斯乔",
    "fb_profile_uid": "vwv1ab8m5p"
  },
  "CharlesMayo": {
    "first_name": "查尔斯·丹",
    "last_name": "梅奥",
    "fb_profile_uid": "pwax8oe3cpd"
  },
  "GabrielTrujillo": {
    "first_name": "加布里埃尔",
    "last_name": "特鲁希略",
    "fb_profile_uid": "47vj7aoidy"
  },
  "EmilyNieves": {
    "first_name": "艾米丽·乔伊",
    "last_name": "尼韦斯",
    "fb_profile_uid": "f064e6zex9i"
  },
  "IanDimaunahan": {
    "first_name": "塞巴斯蒂安·伊恩",
    "last_name": "迪马纳罕",
    "fb_profile_uid": "ag7c0vxtfpg"
  },
  "RubySantos": {
    "first_name": "法蒂玛·鲁比",
    "last_name": "桑托斯",
    "fb_profile_uid": "bntnkvjfrc"
  },
  "KarenEspino": {
    "first_name": "凯伦",
    "last_name": "埃斯皮诺",
    "fb_profile_uid": "ypbj5wky44"
  },
  "ChescaDelaCruz": {
    "first_name": "切丝卡",
    "last_name": "德拉克鲁兹",
    "fb_profile_uid": "7h3iq63xi0c"
  },
  "MarlewAndrade": {
    "first_name": "马勒",
    "last_name": "安德拉德",
    "fb_profile_uid": "l1ux3sl76m"
  },
  "AlexMiranda": {
    "first_name": "艾丽克丝",
    "last_name": "米兰达",
    "fb_profile_uid": "gkdhff9h8tv"
  },
  "Justin": {
    "first_name": "贾斯廷",
    "last_name": "瓦伦西亚",
    "fb_profile_uid": "vjqvfq1to2"
  },
  "Sam": {
    "first_name": "萨曼莎·安",
    "last_name": "加西亚",
    "fb_profile_uid": "9g6nq8a51tq"
  },
  "Elise": {
    "first_name": "爱丽丝",
    "last_name": "马纳罕",
    "fb_profile_uid": "dsj1o8bj8z6"
  },
  "Carlo": {
    "first_name": "卡洛",
    "last_name": "谭",
    "fb_profile_uid": "02sj1z6fezis"
  },
  "AndrewPortillo": {
    "first_name": "安德鲁",
    "last_name": "波蒂略",
    "fb_profile_uid": "ucy4obeiaa"
  },
  "PaoloBorja": {
    "first_name": "保罗",
    "last_name": "博尔哈",
    "fb_profile_uid": "wdxicr9lexe"
  },
  "MarkMom": {
    "first_name": "玛莉亚",
    "last_name": "博尔哈",
    "fb_profile_uid": "pl4zxxc28kr"
  },
  "ValerieLacsamana": {
    "first_name": "瓦莱丽",
    "last_name": "拉卡萨马娜",
    "fb_profile_uid": "xtug4d5zljb"
  }
}
