{
  "Anonymous": {
    "first_name": "匿名",
    "last_name": "",
    "fb_profile_uid": "pl4zxxc28kr"
  },
  "MarkBorja": {
    "first_name": "マーク",
    "last_name": "ボルハ",
    "fb_profile_uid": "MarkBorja"
  },
  "NicoleLacsamana": {
    "first_name": "ニコール",
    "last_name": "ラクサマナ",
		"fb_profile_uid": "NicoleLacsamana"
  },
  "CathyPortillo": {
    "first_name": "キャシー",
    "last_name": "ポルティーヨ",
    "fb_profile_uid": "CathyPortillo"
  },
  "RidelGonzales": {
    "first_name": "リデル",
    "last_name": "ゴンザレス",
		"fb_profile_uid": "RidelGonzales"
  },
  "LouiseOrdunia": {
    "first_name": "ルイーズ",
    "last_name": "オルドゥニア",
		"fb_profile_uid": "LouiseOrdunia"
  },
  "SofiaRubio": {
    "first_name": "ソフィア",
    "last_name": "ルビオ",
		"fb_profile_uid": "SofiaRubio"
  },
  "RyanSoriano": {
    "first_name": "ライアン",
    "last_name": "ソリアノ",
		"fb_profile_uid": "RyanSoriano"
  },
  "MikeAguilar": {
    "first_name": "マイク",
    "last_name": "アギラール",
		"fb_profile_uid": "MikeAguilar"
  },
  "JessicaBautista": {
    "first_name": "ジェシカ",
    "last_name": "バウティスタ",
    "fb_profile_uid": "JessicaBautista"
  },
  "KateCorpuz": {
    "first_name": "ケイト",
    "last_name": "コーパズ",
    "fb_profile_uid": "ohfud2nv1gb"
  },
  "KhyleParedes": {
    "first_name": "カイル",
    "last_name": "パレデス",
    "fb_profile_uid": "KhyleParedes"
  },
  "JunjunChavez": {
    "first_name": "ジュンジュン",
    "last_name": "チャベス",
    "fb_profile_uid": "JunjunChavez"
  },
  "MiguelArmando": {
    "first_name": "ミゲル",
    "last_name": "アルマンド",
    "fb_profile_uid": "MarkBorja"
  },
  "BrianPascual": {
    "first_name": "ブライアン",
    "last_name": "パスクアル",
    "fb_profile_uid": "qbnll2ekbx8"
  },
  "AngelNaval": {
    "first_name": "エンジェル",
    "last_name": "ナヴァル",
    "fb_profile_uid": "q9q31rh8dsm"
  },
  "EdwardNepomuceno": {
    "first_name": "エドワード",
    "last_name": "ネポムセノ",
    "fb_profile_uid": "6588lolz129"
  },
  "JamieArellano": {
    "first_name": "ジェイミー",
    "last_name": "アレリャノ",
    "fb_profile_uid": "i85jcaa588"
  },
  "MauraPongco": {
    "first_name": "マウラ",
    "last_name": "ポンコ",
    "fb_profile_uid": "wm6pdega1"
  },
  "KarlUy": {
    "first_name": "カール・リー",
    "last_name": "ウイ",
    "fb_profile_uid": "9wp8srvl3qh"
  },
  "GabbySantos": {
    "first_name": "ギャビー",
    "last_name": "サントス",
    "fb_profile_uid": "j1o0yt2ffgr"
  },
  "FayeBriones": {
    "first_name": "フェイ",
    "last_name": "ブリオネス",
    "fb_profile_uid": "74vai12uakr"
  },
  "GabriellaPanganiban": {
    "first_name": "ガブリエラ・メイ",
    "last_name": "パンガニバン",
    "fb_profile_uid": "2emgs3nk3r8"
  },
  "WilfredCelestial": {
    "first_name": "ウィルフレッド",
    "last_name": "セレスティアル",
    "fb_profile_uid": "vwv1ab8m5p"
  },
  "CharlesMayo": {
    "first_name": "チャールズ・ダン",
    "last_name": "マヨ",
    "fb_profile_uid": "pwax8oe3cpd"
  },
  "GabrielTrujillo": {
    "first_name": "ガブリエル",
    "last_name": "トルヒーヨ",
    "fb_profile_uid": "47vj7aoidy"
  },
  "EmilyNieves": {
    "first_name": "エミリー・ジョーイ",
    "last_name": "ニエベス",
    "fb_profile_uid": "f064e6zex9i"
  },
  "IanDimaunahan": {
    "first_name": "セバスティアン・イアン",
    "last_name": "ディマウナハン",
    "fb_profile_uid": "ag7c0vxtfpg"
  },
  "RubySantos": {
    "first_name": "ファティマ・ルビー",
    "last_name": "サントス",
    "fb_profile_uid": "bntnkvjfrc"
  },
  "KarenEspino": {
    "first_name": "カレン",
    "last_name": "エスピノ",
    "fb_profile_uid": "ypbj5wky44"
  },
  "ChescaDelaCruz": {
    "first_name": "チェスカ",
    "last_name": "デラ・クルス",
    "fb_profile_uid": "7h3iq63xi0c"
  },
  "MarlewAndrade": {
    "first_name": "マルルー",
    "last_name": "アンドラーデ",
    "fb_profile_uid": "l1ux3sl76m"
  },
  "AlexMiranda": {
    "first_name": "アレックス",
    "last_name": "ミランダ",
    "fb_profile_uid": "gkdhff9h8tv"
  },
  "Justin": {
    "first_name": "ジャスティン",
    "last_name": "ヴァレンシア",
    "fb_profile_uid": "vjqvfq1to2"
  },
  "Sam": {
    "first_name": "サマンサ・アン",
    "last_name": "ガルシア",
    "fb_profile_uid": "9g6nq8a51tq"
  },
  "Elise": {
    "first_name": "エリーゼ",
    "last_name": "マナハン",
    "fb_profile_uid": "dsj1o8bj8z6"
  },
  "Carlo": {
    "first_name": "カルロ",
    "last_name": "タン",
    "fb_profile_uid": "02sj1z6fezis"
  },
  "AndrewPortillo": {
    "first_name": "アンドリュー",
    "last_name": "ポルティーヨ",
    "fb_profile_uid": "ucy4obeiaa"
  },
  "PaoloBorja": {
    "first_name": "パオロ",
    "last_name": "ボルハ",
    "fb_profile_uid": "wdxicr9lexe"
  },
  "MarkMom": {
    "first_name": "マリア",
    "last_name": "ボルハ",
    "fb_profile_uid": "pl4zxxc28kr"
  },
  "ValerieLacsamana": {
    "first_name": "ヴァレリー",
    "last_name": "ラクサマナ",
    "fb_profile_uid": "xtug4d5zljb"
  }
}
