{
  "1.1a.1": {
    "subject": "Bewerbungsstatus Virtuoso 23",
    "sender_name": "Erika Sanchez",
    "sender_email": "erika@virtuoso23.com.ph",
    "timestamp": 1415911631,
    "body": "Sehr geehrter Mark Borja,\n\nvielen Dank für Ihr Interesse an der Teilnahme an [b]Virtuoso 23[/b]. Nach Prüfung aller eingegangenen Bewerbungen wurde Ihre Bewerbung gemäß unseren Auswahlkriterien nicht für die weitere Berücksichtigung ausgewählt.\n\nWir möchten unsere Bewerber daran erinnern, dass wir nur wenige neue Mitglieder auswählen können, während wir versuchen, jedes Jahr Platz für mehr zu schaffen. Wir danken Ihnen, dass Sie sich die Zeit genommen haben, die erforderlichen Bewerbungsunterlagen einzureichen. Der Auswahlausschuss weiß Ihre Teilnahme an unserem Programm zu schätzen.\n\nWir öffnen unsere Tore jedes Jahr für fähige Pianisten, also üben Sie weiter!\n\nMit besten Wünschen,\n[img=320]res://assets/pictures/ch1sc1a/erika_email_sign.png[/img]"
  },
  "1.1a.2": {
    "subject": "JEFF ZUCKI EINMALIGES ANGEBOT [NOT SCAM]",
    "sender_name": "Jeff Zucki",
    "sender_email": "jeffzucki4222@email.com",
    "timestamp": 1415920643,
    "spam": true,
    "body": "Werter [b]Kunde[/b],,\n\nmein Name ist Jeff Zucki,ein Philantroph der Gründer und CEO der Social-Networking-Webseite Nookface,einer der jüngsten Milliardäre der Welt und Vorsitzender der Jeff-Zucki-Wohltätigkeitsorganisation, Einer der größten privaten Stiftungen in der Welt. Ich glaube fest an „Geben und Leben“ Ich hatte eine Idee, die sich nie geändert hat – das man sein Vermögen nutzen sollte, um anderen zu helfen, und ich habe beschlossen, heimlich [b]{$1,500,000,00}[/b] an zufällig ausgewählte Personen auf der ganzen Welt zu spenden. Wenn Sie diese E-Mail erhalten,sollten Sie sich zu den Glücklichen zählen.Ihre E-Mail-Adresse wurde zufällig aus meiner Social-Networking-Datenbank ausgewählt.Bitte kontaktieren Sie mich so schnell wie möglich,damit ich weiß, dass Ihre E-Mail-Adresse gültig ist.([color=gray]jeffzucki4222@email.co[/color]m) Schreiben Sie mir jetzt.\n\nDanke,\nMit freundlichen Grüßen,\n[b]JEF ZUCKI[/b]\n[color=gray]CEO Gründer Philanthrop Nookface[/color]"
  },
  "1.1a.3": {
    "subject": "Re: Weihnachtsbesuch",
    "sender_name": "Paolo Borja",
    "sender_email": "paolo.borja.12@email.com",
    "timestamp": 1415936952,
    "body": "hey junge.. tut mir leid dass ich dich warten lasse aber es gibt noch keine neuigkeiten zu unserer heimreise. die lage hier idt katastrophal. einer der elektriker hat bei einem unfall einen tödlichen stromschlag erlitten. wir müssenn vielleicht bis nächstes jahr arbeiten um die schäden zu beseitigen, sonst könnte noch jemand verletzt werden..\n\nich weiß es nicht. wenn die dinge gut laufen sehen wir dich. wir versuchen es.. ich werde auch deine mutter fragen wenn sie sich bei mir, bei uns meldet\n\nich hoffe, in der schule läuft es gut. hab dich lieb."
  },
  "1.1a.4": {
    "subject": "Sie haben 3.000 AED per FastRemit erhalten",
    "sender_name": "FastRemit",
    "sender_email": "no-reply@fastremit.com",
    "timestamp": 1415941380,
    "body": "[center][img=200]res://assets/pictures/ch1sc1a/fastremit_logo.png[/img][/center]\n\n[font=res://fonts/Raleway-Regular-16.tres]Hallo Mark Borja,\n\n[color=#6C8E3E][font=res://fonts/Raleway-Bold-16.tres]Sie haben 3.000 AED von Paolo Borja per FastRemit International Remittance erhalten.[/font][/color]\n\nDas Geld ist auf Ihrem Konto und bereit zur weiteren Verwendung. Sie können Ihr Geld auf FastRemit ausgeben, verschicken oder verwalten.\n\n[font=res://fonts/Raleway-Bold-16.tres]Transaktionsdetails[/font]\n—————\n[font=res://fonts/Raleway-Bold-16.tres]Von:[/font] Paolo Borja\n[font=res://fonts/Raleway-Bold-16.tres]Erhaltener Betrag:[/font] 3.000,00 AED\n[font=res://fonts/Raleway-Bold-16.tres]Transfernummer:[/font] #800213946\n\n[font=res://fonts/Raleway-Bold-16.tres]Nachricht vom Sender:[/font]\nvergiss nicht die rechnungen zu bezahlen junge.. lass frau aira auch das haud putzen. außerdem ist das deine 2. warnung.. um gottes willen gib es nicht für sinnlose videospiele aus\n\n—————\nDanke, dass Sie unseren Dienst nutzen,\nDas Fast[color=#6C8E3E]Remit[/color]-Team\n\n\n[center][font=res://fonts/Raleway-Regular-10.tres]Diese E-Mail wurde von FastRemit versandt. Indem Sie unseren Dienst nutzen, stimmen Sie unserer Kundenvereinbarung zu.\n\n© FastRemit 2014. Alle Rechte vorbehalten.[/font][/center][/font]"
  },
  "4.3a.3": {
    "subject": "Re: Weihnachtsbesuch",
    "sender_name": "Paolo Borja",
    "sender_email": "paolo.borja.12@email.com",
    "timestamp": 1419315193,
    "body": "hey junge.. es tut mir wirklich leid dasd wir dieses jahr nicht zu hause sein konnten. auf arbeit geht alles nur langsam voran aber wir machen fortschritte.. nächstes jahr machen wir es wieder gut ok?\n\ngib mir bescheid wenn sich deine mutter bei dir meldet. wir haben dich lieb.frohe weihnachten,\n[img=320]//assets/pictures/ch4sc3a/dadpic.png[/img]"
  },
  "5.1.1": {
    "subject": "Re: Weihnachtsbesuch",
    "sender_name": "Paolo Borja",
    "sender_email": "paolo.borja.12@email.com",
    "timestamp": 1420395545,
    "body": "frohes neues jahr mark. heute ist doch das vorspiel für den club oder?\n\nviel glück junge..mach deine mutter stolz. vielleicht kannst du ihr ja ein video zeigen.. ich bin mir sicher sie würde dich gerne spielen sehen.\ndu schaffst das"
  },
  "5.1.2": {
    "subject": "Sie haben 3.000 AED per FastRemit erhalten",
    "sender_name": "FastRemit",
    "sender_email": "no-reply@fastremit.com",
    "timestamp": 1420397843,
    "body": "[center][img=200]res://assets/pictures/ch1sc1a/fastremit_logo.png[/img][/center]\n\n[font=res://fonts/Raleway-Regular-16.tres]Hallo Mark Borja,\n\n[color=#6C8E3E][font=res://fonts/Raleway-Bold-16.tres]Sie haben 3.000 AED von Paolo Borja per FastRemit International Remittance erhalten.[/font][/color]\n\nDas Geld ist auf Ihrem Konto und bereit zur weiteren Verwendung. Sie können Ihr Geld auf FastRemit ausgeben, verschicken oder verwalten.\n\n[font=res://fonts/Raleway-Bold-16.tres]Transaktionsdetails[/font]\n—————\n[font=res://fonts/Raleway-Bold-16.tres]Von:[/font] Paolo Borja\n[font=res://fonts/Raleway-Bold-16.tres]Erhaltener Betrag:[/font] 3.000,00 AED\n[font=res://fonts/Raleway-Bold-16.tres]Transfernummer:[/font] #800238704\n\n[font=res://fonts/Raleway-Bold-16.tres]Nachricht vom Sender:[/font]\nhau sie um junge\n\n—————\nDanke, dass Sie unseren Dienst nutzen,\nDas Fast[color=#6C8E3E]Remit[/color]-Team\n\n\n[center][font=res://fonts/Raleway-Regular-10.tres]Diese E-Mail wurde von FastRemit versandt. Indem Sie unseren Dienst nutzen, stimmen Sie unserer Kundenvereinbarung zu.\n\n© FastRemit 2014. Alle Rechte vorbehalten.[/font][/center][/font]"
  },
  "5.8.club_accepted": {
    "subject": "LIPC-Vorspielergebnisse",
    "sender_name": "Elise Manahan",
    "sender_email": "elisem09@email.com",
    "timestamp": 1420927200,
    "body": "Hallo Mark,\n\nherzlichen Glückwunsch! Wir freuen uns, dir mitteilen zu können, dass uns dein Vorspiel beeindruckt hat und du hiermit herzlich eingeladen bist, dem Liamson-Integrated-Klavierclub offiziell beizutreten. Gut gemacht. Wir freuen uns darauf, dich in unserem Club zu haben und mehr von dir zu hören!\n\nBeste Grüße,\nElise Manahan\nPräsidentin, LIPC S.Y. 2014-2015"
  },
  "5.8.mom_draft_audition_no_video": {
    "subject": "vorspiel",
    "sender_name": "Maria B",
    "sender_email": "mariaborja20@email.com",
    "timestamp": 1420489920,
    "draft": true,
    "body": "Hi Mama,\n\nHeute war das Vorspiel für den Klavierclub. Ich habe sehr viel dafür geübt, und ich glaube, ich habe mich gut geschlagen. Ich hoffe sehr, dass ich aufgenommen werde.\n\nIch vermisse dich\nMark"
  },
  "5.8.mom_draft_audition": {
    "subject": "vorspiel",
    "sender_name": "Maria B",
    "sender_email": "mariaborja20@email.com",
    "timestamp": 1420489920,
    "draft": true,
    "body": "Hi Mama,\n\nHeute war das Vorspiel für den Klavierclub. Ich habe sehr viel dafür geübt, und ich glaube, ich habe mich gut geschlagen. Ich habe ein Video von meinem Stück angehängt. Nur für den Fall, dass du es dir ansehen willst.\n\nIch vermisse dich\nMark",
    "attachments": [
      {
        "name": "VID_20150105_161438.mp4",
        "size": 113857249
      }
    ]
  },
  "5.8.mom_draft_0": {
    "subject": "update",
    "sender_name": "Maria B",
    "sender_email": "mariaborja20@email.com",
    "timestamp": 1392192720,
    "draft": true,
    "body": "Mama,\n\nPapa und ich machen uns große Sorgen. Bitte melde dich, sobald du kannst. Es gibt immer noch keine Neuigkeiten von der Airline. Wir rufen jeden Tag an. Bitte lass uns nur wissen, dass es dir gut geht.\n\nMark"
  },
  "5.8.mom_draft_1": {
    "subject": "(kein Betreff)",
    "sender_name": "Maria B",
    "sender_email": "mariaborja20@email.com",
    "timestamp": 1393018920,
    "draft": true,
    "body": "Mama, \n\nbitte lass mich und Papa wissen, dass du in Sicherheit bist. Wir haben große Angst. Bitte antworte so schnell wie möglich"
  },
  "5.8.mom_draft_2": {
    "subject": "bitte",
    "sender_name": "Maria B",
    "sender_email": "mariaborja20@email.com",
    "timestamp": 1393604280,
    "draft": true,
    "body": "Mama,\n\nes tut mir leid. Es tut mir so leid, bitte komm zurück. Ich wollte von Anfang an nicht, dass du fortgehst. Du hättest das nicht für mich tun müssen. Es tut mir leid. Ich werde nie wieder um etwas bitten. Bitte komm einfach zurück, verlass mich nicht"
  },
  "5.8.mom_draft_3": {
    "subject": "nachverfolgte E-Mail",
    "sender_name": "Maria B",
    "sender_email": "mariaborja20@email.com",
    "timestamp": 1394391720,
    "draft": true,
    "body": "Hi Mama, ich schicke dir noch eine nachverfolgte E-Mail, damit du nicht antworten musst, wenn du nicht kannst, okay? Ich werde es erfahren, wenn du sie öffnest.\n\nIch vermisse dich"
  },
  "5.8.mom_draft_4": {
    "subject": "(kein Betreff)",
    "sender_name": "Maria B",
    "sender_email": "mariaborja20@email.com",
    "timestamp": 1395097980,
    "draft": true,
    "body": "Mama,\n\ndas ist nicht fair, nichts davon ist fair, die Welt geht unter und du bist nicht hier"
  },
  "5.8.mom_draft_5": {
    "subject": "adsdff",
    "sender_name": "Maria B",
    "sender_email": "mariaborja20@email.com",
    "timestamp": 1398439920,
    "draft": true,
    "body": "Mama,\n\nhi, wie geht es dir? Es würde mir und Papa viel bedeuten, wenn du uns mitteilen könntest, dass es dir gut geht. Ich weiß, dass du bestimmt bloß mit der Arbeit beschäftigt bist, aber die Nachrichten haben uns echt beunruhigt. Und dann sind noch all die anderen Sachen passiert, wie die Erdbeben überall. Bitte lass es uns einfach wissen, okay?"
  },
  "5.8.mom_draft_6": {
    "subject": "sorry",
    "sender_name": "Maria B",
    "sender_email": "mariaborja20@email.com",
    "timestamp": 1398821460,
    "draft": true,
    "body": "Liebe Mama,\n\nes tut mir leid. Mir tut alles leid. Ich wünschte, du und Papa wärt nie fortgegangen. Ich verstehe, warum ihr es getan habt, und ich bin dankbar dafür. Aber das ist es nicht wert. Ich bin das nicht wert.\n\nIch kann nicht essen, ich kann nicht schlafen, ich kann gar nichts. Papa ist am Ende. Wir vermissen dich sehr. Bitte lass uns wissen, dass es dir gut geht. Bitte komm nach Hause, Mama. Ich verspreche, dass ich nie wieder um irgendetwas bitten werde. Ich werde mich in der Schule mehr anstrengen. Ich werde alles tun.\n\nBitte komm nur zurück.\nBitte komm zurück."
  },
  "5.8.mom_draft_7": {
    "subject": "(kein Betreff)",
    "sender_name": "Maria B",
    "sender_email": "mariaborja20@email.com",
    "timestamp": 1400354820,
    "draft": true,
    "body": "Liebe Mama,\n\nich konnte heute mit Papa telefonieren. Er sagt, dass die Arbeit sehr stressig sei und dass sie anscheinend noch stressiger wird. Ich hoffe, er hat bald einen freien Tag. Er klingt immer müde, wenn ich ihn höre. Sorg dafür, dass er sich genug ausruht, ok?\n\nIch hoffe, dir geht es auch gut. Ich weiß, dass es ganz schön anders und fordernd ist, im Ausland zu arbeiten. Ich hoffe, dein Chef lässt dich genug Pausen machen und gibt dir genug freie Tage. Es wäre sehr schön, wenn ihr beide nach Hause kommen könntet.\n\nMark"
  },
  "5.8.mom_draft_8": {
    "subject": "fgadsf",
    "sender_name": "Maria B",
    "sender_email": "mariaborja20@email.com",
    "timestamp": 1402353780,
    "draft": true,
    "body": "Mama\n\nBitte sag mir einfach, dass es dir gut geht, ich weiß nicht mehr, was ich noch tun soll"
  },
  "5.8.mom_draft_9": {
    "subject": "sdfads",
    "sender_name": "Maria B",
    "sender_email": "mariaborja20@email.com",
    "timestamp": 1402833780,
    "draft": true,
    "body": "Hi Mama,\n\nich habe wichtige Neuigkeiten. Ridel bekommt endlich seinen Durchbruch. Er soll bald anfangen, seinen eigenen Film zu drehen. Ist das nicht cool? Jetzt können Cathy und ich nur hoffen, dass ihm das alles nicht zu Kopf steigt und er uns vergisst.\n\nWir beide sind letzte Nacht wach geblieben und haben unser Lieblingsrennspiel gespielt. Keine Sorge, ich verspreche dir, dass ich genug Schlaf bekomme. Vielleicht sogar etwas zu viel. Langsam denke ich, ich sollte mit meiner Zeit etwas Sinnvolleres anfangen, so wie Ridel mit seinem Film.\n\nDu solltest nach Hause kommen, dann können wir ihn uns ansehen, wenn er fertig ist! Das wird noch lange dauern, also sollte das doch genug Zeit sein, um alles vorzubereiten, oder? Ich bin mir sicher, Ridel wäre sehr gerührt, wenn du ihn sehen wollen würdest. Hoffentlich kann Papa auch kommen.\n\nIn der Schule ist alles wie immer. Weißt du, ich bin dir und Papa für alles sehr dankbar, aber manchmal sehe ich, wofür unser Schulgeld ausgegeben wird (das verkrustete Make-up der Direktorin), und dann frage ich mich, ob das Geld nicht anders besser angelegt wäre.\n\nSpäßchen. Ich verspreche dir, dass ich immer noch zum Unterricht gehe. Arbeite nicht zu viel, okay? \n\nMark"
  },
  "5.8.mom_draft_10": {
    "subject": "hi",
    "sender_name": "Maria B",
    "sender_email": "mariaborja20@email.com",
    "timestamp": 1409754360,
    "draft": true,
    "body": "Liebe Mama,\n\nich habe beschlossen, dass ich dieses Jahr für den Klavierclub vorspielen werde. Ich übe Griegs „Hochzeit“, und ich bin schon total weniger furchtbar als vorher. Das ist doch ein Fortschritt, oder?\n\nHoffentlich meistere ich das Stück, bevor du nach Hause kommst. Es sieht ein bisschen brenzlig aus, aber ich werde jeden Tag Blut, Schweiß und Tränen in die Proben stecken. Genauso wie du früher. Ich werde nicht aufhören, bis du mich so spielen hörst, dass du stolz auf mich sein kannst!\n\nAlso komm bald nach Hause, ja? Ich wünsche mir, dass du mein Vorspiel siehst. Ich verspreche dir, dass ich dich nicht enttäuschen werde.\n\nMark"
  },
  "5.8.mom_draft_11": {
    "subject": "(kein Betreff)",
    "sender_name": "Maria B",
    "sender_email": "mariaborja20@email.com",
    "timestamp": 1412122560,
    "draft": true,
    "body": "Hi Mama,\n\nich vermisse dich. Ich vermisse es, von dir zu hören.\n\nEs sind jetzt acht Monate. Ich weiß nicht, was ich noch sagen soll. Ich hoffe, dass du auf dich aufpasst, wo immer du auch bist. Vielleicht spielst du ja irgendwo Klavier. Vielleicht arbeitest du immer noch zu viel. Das wird es wahrscheinlich sein. \n\nPapa und ich warten immer auf dich, also hab keine Angst, dich zu melden, ok? Wir sind nicht wütend, das verspreche ich dir. Wir wollen nur von dir hören.\n\nIch vermisse dich sehr, Mama.\n\nIn Liebe\nMark"
  },
  "5.8.mom_draft_12": {
    "subject": "vorspiel",
    "sender_name": "Maria B",
    "sender_email": "mariaborja20@email.com",
    "timestamp": 1420489920,
    "draft": true,
    "body": "Hi Mama,\n\nHeute war das Vorspiel für den Klavierclub. Ich habe sehr viel dafür geübt, und ich glaube, ich habe mich gut geschlagen. Ich habe ein Video von meinem Stück angehängt. Nur für den Fall, dass du es dir ansehen willst.\n\nIch vermisse dich\nMark"
  },
  "9.2b.1": {
    "subject": "Re: Weihnachtsbesuch",
    "sender_name": "Paolo Borja",
    "sender_email": "paolo.borja.12@email.com",
    "timestamp": 1415936952,
    "body": "hey junge.. ich versuche an weihnachten nach hause zu kommen aber es scheint stressig zu werden. hoffentlich kann deine mutter auch kommen..sag mir bescheid falls du von ihr hörst okay?"
  },
  "9.3a.1": {
    "subject": "Re: Weihnachtsbesuch",
    "sender_name": "Paolo Borja",
    "sender_email": "paolo.borja.12@email.com",
    "timestamp": 1415936952,
    "body": "tut mir leid junge.. hier ist wirklich viel zu tun darum schaffe ich es nicht nach hause. ich schicke dir dein weihnachtsgeld..gib es aber für etwas sinnvolles aus\n\nhast du von deiner mutter gehört? sag mir bescheid.. sie ist gerade wahrscheinlich sehr beschäftigt."
  },
  "9.3a.2": {
    "subject": "Sie haben 4.000 AED per FastRemit erhalten",
    "sender_name": "FastRemit",
    "sender_email": "no-reply@fastremit.com",
    "timestamp": 1415941380,
    "body": "[center][img=200]res://assets/pictures/ch1sc1a/fastremit_logo.png[/img][/center]\n\n[font=res://fonts/Raleway-Regular-16.tres]Hallo Mark Borja,\n\n[color=#6C8E3E][font=res://fonts/Raleway-Bold-16.tres]Sie haben 4.000 AED von Paolo Borja per FastRemit International Remittance erhalten.[/font][/color]\n\nDas Geld ist auf Ihrem Konto und bereit zur weiteren Verwendung. Sie können Ihr Geld auf FastRemit ausgeben, verschicken oder verwalten.\n\n[font=res://fonts/Raleway-Bold-16.tres]Transaktionsdetails[/font]\n—————\n[font=res://fonts/Raleway-Bold-16.tres]Von:[/font] Paolo Borja\n[font=res://fonts/Raleway-Bold-16.tres]Erhaltener Betrag:[/font] 4.000,00 AED\n[font=res://fonts/Raleway-Bold-16.tres]Transfernummer:[/font] #800327185\n\n[font=res://fonts/Raleway-Bold-16.tres]Nachricht vom Sender:[/font]\ntut mir leid junge..\nfrohe weihnachten..\ndeine mutter und ich haben dich lieb\n\n—————\nDanke, dass Sie unseren Dienst nutzen,\nDas Fast[color=#6C8E3E]Remit[/color]-Team\n\n\n[center][font=res://fonts/Raleway-Regular-10.tres]Diese E-Mail wurde von FastRemit versandt. Indem Sie unseren Dienst nutzen, stimmen Sie unserer Kundenvereinbarung zu.\n\n© FastRemit 2014. Alle Rechte vorbehalten.[/font][/center][/font]"
  },
  "lo.4.1a.1": {
    "subject": "Re: Weihnachtsbesuch",
    "sender_name": "Paolo Borja",
    "sender_email": "paolo.borja.12@email.com",
    "timestamp": 1415936952,
    "body": "hey junge.. tut mir leid dass ich immer noch keine neuigkeiten zu unserer heimreise habe. die lage hier wird immer schlimmer. das erdbeben hat alles noch schlimmer gemacht.. wir mussten arbeiten und die schäden beseitigen sonst würden die leute verletzt werden.vielleicht nur für ein paar monate\n\nich weiß es nicht . falls sich hier alles bessert sehen wir dich. wir versuchen es.. ich werde auch deine mutter fragen wenn sie sich vielleicht meldet\n\nich hoffe dir geht es gut. ich hab dich lieb junge."
  },
  "lo.4.1a.2": {
    "subject": "Sie haben 3.000 AED per FastRemit erhalten",
    "sender_name": "FastRemit",
    "sender_email": "no-reply@fastremit.com",
    "timestamp": 1415941380,
    "body": "[center][img=200]res://assets/pictures/ch1sc1a/fastremit_logo.png[/img][/center]\n\n[font=res://fonts/Raleway-Regular-16.tres]Hallo Mark Borja,\n\n[color=#6C8E3E][font=res://fonts/Raleway-Bold-16.tres]Sie haben 3.000 AED von Paolo Borja per FastRemit International Remittance erhalten.[/font][/color]\n\nDas Geld ist auf Ihrem Konto und bereit zur weiteren Verwendung. Sie können Ihr Geld auf FastRemit ausgeben, verschicken oder verwalten.\n\n[font=res://fonts/Raleway-Bold-16.tres]Transaktionsdetails[/font]\n—————\n[font=res://fonts/Raleway-Bold-16.tres]Von:[/font] Paolo Borja\n[font=res://fonts/Raleway-Bold-16.tres]Erhaltener Betrag:[/font] 3.000,00 AED\n[font=res://fonts/Raleway-Bold-16.tres]Transfernummer:[/font] #800220531\n\n[font=res://fonts/Raleway-Bold-16.tres]Nachricht vom Sender:[/font]\njunge vergiss nicht die schäden begutachten zu lassen.. wie gesagt die instandhaltung ist wichtig. deine mutter würde das haus so nicht sehen wollen\n\n—————\nDanke, dass Sie unseren Dienst nutzen,\nDas Fast[color=#6C8E3E]Remit[/color]-Team\n\n\n[center][font=res://fonts/Raleway-Regular-10.tres]Diese E-Mail wurde von FastRemit versandt. Indem Sie unseren Dienst nutzen, stimmen Sie unserer Kundenvereinbarung zu.\n\n© FastRemit 2014. Alle Rechte vorbehalten.[/font][/center][/font]"
  }
}
