{
  "1.1a.1": {
    "subject": "Status da Aplicação Virtuoso 23",
    "sender_name": "Erika Sanchez",
    "sender_email": "erika@virtuoso23.com.ph",
    "timestamp": 1415911631,
    "body": "Prezado Mark Borja,\n\nAgradecemos pelo seu interesse em se juntar ao [b]Virtuoso 23[/b]. Após revisar as aplicações que recebemos, a sua não foi selecionada para continuar no processo seletivo de acordo com nossos critérios de seleção.\n\nGostaríamos de lembrar nossos candidatos que só podemos selecionar alguns novos membros, enquanto tentamos criar espaço para mais a cada ano. Agradecemos por dedicar tempo para enviar os requisitos e outros detalhes da aplicação. A diretoria de seleção aprecia sua participação em nosso programa.\n\nAbrimos nossas portas para pianistas talentosos todos os anos, então continue praticando! Desejamos todo sucesso do mundo em sua paixão como músico e pianista!\n\nAtenciosamente,\n[img=320]res://assets/pictures/ch1sc1a/erika_email_sign.png[/img]"
  },
  "1.1a.2": {
    "subject": "JEFF ZUCKI OPORTUNIDADE ÚNICA [NÃO É GOLPE]",
    "sender_name": "Jeff Zucki",
    "sender_email": "jeffzucki4222@email.com",
    "timestamp": 1415920643,
    "spam": true,
    "body": "Prezado [b]Cliente[/b],,\n\nMeu nome é Jeff Zucki,Um filantropo, fundador e CEO da rede social Nookface,bem como um dos bilionários mais jovens do mundo e Presidente da Fundação de Caridade Jeff Zucki, Uma das maiores fundações privadas do mundo. Acredito fortemente em 'dar enquanto vivo'. Tinha uma ideia que nunca mudou em minha mente - que você deve usar sua riqueza para ajudar as pessoas; então decidi dar secretamente [b]{$1.500.000,00}[/b] para indivíduos selecionados aleatoriamente ao redor do mundo. Ao receber este email, você deve se considerar a pessoa de sorte. Seu endereço de email foi escolhido aleatoriamente enquanto eu pesquisava na minha base de dados das redes sociais na qual gerencio. Por favor, entre em contato comigo o mais cedo possível para confirmar que seu endereço de email é válido ([color=gray]jeffzucki4222@email.co[/color]m). Me envie um email agora.\n\nObrigado,\nAtenciosamente,\n[b]JEF ZUCKI[/b]\n[color=gray]CEO Fundador Filantropo Nookface[/color]"
  },
  "1.1a.3": {
    "subject": "Re: Volta pra casa no natal",
    "sender_name": "Paolo Borja",
    "sender_email": "paolo.borja.12@email.com",
    "timestamp": 1415936952,
    "body": "filho.. desculpe por te deixar esperando mas ainda sem novidades sobre nossa volta pra casa. a situação aqui... é fim da picada. um dos nossos eletricistas levou um choque fatal em um acidente. talvez sejamos obrigados a trabalhar ate o ano que vem pra consertar os danos ou alguém mais pode se machucar..\n\nnão sei.se as coisas melhorarem, veremos voce. vamos tentar.. vou falar com sua mãe também quando ela me responder\n\nespero que voce esteja  indo bem na escola. te amo. ."
  },
  "1.1a.4": {
    "subject": "Você recebeu 3.000 AED via FastRemit",
    "sender_name": "FastRemit",
    "sender_email": "no-reply@fastremit.com",
    "timestamp": 1415941380,
    "body": "[center][img=200]res://assets/pictures/ch1sc1a/fastremit_logo.png[/img][/center]\n\n[font=res://fonts/Raleway-Regular-16.tres]Olá Mark Borja,\n\n[color=#6C8E3E][font=res://fonts/Raleway-Bold-16.tres]Você recebeu 3.000 AED de Paolo Borja via FastRemit International Remittance.[/font][/color]\n\nO dinheiro está na sua conta e pronto para ser usado. Você pode gastar, enviar ou gerenciar seu dinheiro no FastRemit.\n\n[font=res://fonts/Raleway-Bold-16.tres]Detalhes da Transação[/font]\n—————\n[font=res://fonts/Raleway-Bold-16.tres]De:[/font] Paolo Borja\n[font=res://fonts/Raleway-Bold-16.tres]Quantia recebida:[/font] 3.000,00 AED\n[font=res://fonts/Raleway-Bold-16.tres]Número da transferência:[/font] #800213946\n\n[font=res://fonts/Raleway-Bold-16.tres]Nota do remetente:[/font]\nnão esqueça de pagar as contas filho.. peça pra dona aira limpar a casa também. além disso,esse é seu segundo aviso.. pelo amor de  deus não gaste mais em videogames inúteis\n\n—————\nObrigado por usar nosso serviço,\nEquipe Fast[color=#6C8E3E]Remit[/color] \n\n\n[center][font=res://fonts/Raleway-Regular-10.tres]Este email foi enviado via FastRemit. Ao usar nossos serviços, você concorda com os termos.\n\n© FastRemit 2014. Todos os direitos reservados.[/font][/center][/font]"
  },
  "4.3a.3": {
    "subject": "Re: Volta pra casa no natal",
    "sender_name": "Paolo Borja",
    "sender_email": "paolo.borja.12@email.com",
    "timestamp": 1419315193,
    "body": "filho.. sinto muito que não conseguimos estar em casa este ano. as coisas têm sido lentas no trabalho mas estamos fazendo progresso..vamos compensar isso pra voce no próximo ano ok?\n\nme avise quando sua mãe conseguir entrar em contato com voce. amamos você mark.feliz natal,\n[img=320]res://assets/pictures/ch4sc3a/dadpic.png[/img]"
  },
  "5.1.1": {
    "subject": "Re: Volta pra casa no natal",
    "sender_name": "Paolo Borja",
    "sender_email": "paolo.borja.12@email.com",
    "timestamp": 1420395545,
    "body": "feliz ano novo mark. hoje é a audição do clube ne?\n\nboa sorte filho..faça sua mãe se orgulhar. você podia mostrar um vídeo pra ela talvez.. tenho certeza de que ela vai amar ver voce tocar.\nvocê consegue filhao"
  },
  "5.1.2": {
    "subject": "Você recebeu 3.000 AED via FastRemit",
    "sender_name": "FastRemit",
    "sender_email": "no-reply@fastremit.com",
    "timestamp": 1420397843,
    "body": "[center][img=200]res://assets/pictures/ch1sc1a/fastremit_logo.png[/img][/center]\n\n[font=res://fonts/Raleway-Regular-16.tres]Olá Mark Borja,\n\n[color=#6C8E3E][font=res://fonts/Raleway-Bold-16.tres]Você recebeu 3.000 AED de Paolo Borja via FastRemit International Remittance.[/font][/color]\n\nO dinheiro está na sua conta e pronto para ser usado. Você pode gastar, enviar ou gerenciar seu dinheiro no FastRemit.\n\n[font=res://fonts/Raleway-Bold-16.tres]Detalhes da transação[/font]\n—————\n[font=res://fonts/Raleway-Bold-16.tres]De:[/font] Paolo Borja\n[font=res://fonts/Raleway-Bold-16.tres]Quantia recebida:[/font] 3.000,00 AED\n[font=res://fonts/Raleway-Bold-16.tres]Número da transferência:[/font] #800238704\n\n[font=res://fonts/Raleway-Bold-16.tres]Nota do remetente:[/font]\narrasa filhao\n\n—————\nObrigado por usar nosso serviço,\nEquipe Fast[color=#6C8E3E]Remit[/color] \n\n\n[center][font=res://fonts/Raleway-Regular-10.tres]Este email foi enviado via FastRemit. Ao usar nossos serviços, você concorda com os termos.\n\n© FastRemit 2014. Todos os direitos reservados.[/font][/center][/font]"
  },
  "5.8.club_accepted": {
    "subject": "Resultado das Audições LIPC",
    "sender_name": "Elise Manahan",
    "sender_email": "elisem09@email.com",
    "timestamp": 1420927200,
    "body": "Olá Mark,\n\nParabéns! Temos o prazer de informar que sua audição nos impressionou, e você está convidado a se juntar oficialmente ao Clube de Piano da Escola Integrada de Liamson. Estamos ansiosos para tê-lo em nosso clube e ouvir mais de suas apresentações!\n\nAtenciosamente,\nElise Manahan\nPresidente, LIPC S.Y. 2014-2015"
  },
  "5.8.mom_draft_audition_no_video": {
    "subject": "audição",
    "sender_name": "Maria B",
    "sender_email": "mariaborja20@email.com",
    "timestamp": 1420489920,
    "draft": true,
    "body": "Oi mãe,\n\nTivemos audições pro clube de piano hoje. Eu me dediquei muito pra isso, e acho que fui bem. Eu realmente espero ser aceito.\n\nSinto sua falta\nMark"
  },
  "5.8.mom_draft_audition": {
    "subject": "audição",
    "sender_name": "Maria B",
    "sender_email": "mariaborja20@email.com",
    "timestamp": 1420489920,
    "draft": true,
    "body": "Oi mãe,\n\nTivemos audições pro clube de piano hoje. Eu me dediquei muito pra isso, e acho que fui bem. Eu anexei um vídeo da peça que eu toquei pra você, caso você queira assistir.\n\nSinto sua falta\nMark",
    "attachments": [
      {
        "name": "VID_20150105_161438.mp4",
        "size": 113857249
      }
    ]
  },
  "5.8.mom_draft_0": {
    "subject": "atualização",
    "sender_name": "Maria B",
    "sender_email": "mariaborja20@email.com",
    "timestamp": 1392192720,
    "draft": true,
    "body": "Mãe,\n\no pai e eu estamos muitos preocupados, por favor, entra em contato assim que conseguir. Ainda não teve nenhuma atualização da companhia aérea. Ligamos todos os dias. Por favor, só nos avise se você está bem\n\nMark"
  },
  "5.8.mom_draft_1": {
    "subject": "(sem assunto)",
    "sender_name": "Maria B",
    "sender_email": "mariaborja20@email.com",
    "timestamp": 1393018920,
    "draft": true,
    "body": "Mãe, \n\nPor favor, apenas nos deixe informados se você está segura. Estamos muito assustados. Por favor, responda o mais rápido possível"
  },
  "5.8.mom_draft_2": {
    "subject": "por favor",
    "sender_name": "Maria B",
    "sender_email": "mariaborja20@email.com",
    "timestamp": 1393604280,
    "draft": true,
    "body": "Mãe,\n\nEu sinto muito. Eu sinto muito mesmo, só volta, por favor. Eu nunca quis que você fosse embora em primeiro lugar. Você não precisava fazer nada disso por mim. Me desculpa, eu nunca mais vou te pedir nada de novo por favor só volte por favor só não me deixa"
  },
  "5.8.mom_draft_3": {
    "subject": "email rastreado",
    "sender_name": "Maria B",
    "sender_email": "mariaborja20@email.com",
    "timestamp": 1394391720,
    "draft": true,
    "body": "Oi mãe, só enviando outro email rastreado para que você não precise responder se não puder, ok? Eu vou saber se você abrir.\n\nSinto sua falta"
  },
  "5.8.mom_draft_4": {
    "subject": "(sem assunto)",
    "sender_name": "Maria B",
    "sender_email": "mariaborja20@email.com",
    "timestamp": 1395097980,
    "draft": true,
    "body": "Mãe,\n\nIsso não é justo nada disso é, mundo tá acabando e você não tá aqui"
  },
  "5.8.mom_draft_5": {
    "subject": "adsdff",
    "sender_name": "Maria B",
    "sender_email": "mariaborja20@email.com",
    "timestamp": 1398439920,
    "draft": true,
    "body": "Mãe,\n\nOi, como você tem estado? Significaria muito para mim e pro pai se você pudesse nos avisar que está bem. Sei que você provavelmente está apenas ocupada com o trabalho, mas as notícias nos preocuparam muito, e agora mais essas outras coisas aconteceram com os terremotos por toda parte. Por favor, só nos avise, ok?"
  },
  "5.8.mom_draft_6": {
    "subject": "desculpa",
    "sender_name": "Maria B",
    "sender_email": "mariaborja20@email.com",
    "timestamp": 1398821460,
    "draft": true,
    "body": "Querida mãe,\n\nMe desculpa. Me desculpa por tudo. Eu só queria que você e o pai nunca tivessem ido embora. Entendo o porquê fizeram isso e sou grato, mesmo. Mas isso não vale a pena. Eu não mereço isso.\n\nNão consigo comer não consigo dormir não consigo fazer nada. O pai está histérico. Sentimos muito a sua falta. Por favor, só nos diga se está bem. Por favor, volta para casa mãe. Prometo que nunca mais vou pedir nada. Vou me esforçar mais na escola. Eu faço qualquer coisa.\n\nSó por favor, volta.\nVolta pra casa, por favor."
  },
  "5.8.mom_draft_7": {
    "subject": "(sem assunto)",
    "sender_name": "Maria B",
    "sender_email": "mariaborja20@email.com",
    "timestamp": 1400354820,
    "draft": true,
    "body": "Querida mãe,\n\nConsegui falar com o papai por telefone hoje. Ele disse que tem ficado muito ocupado no trabalho, e parece que vai ficar ainda mais. Espero que ele tenha um dia de descanso em breve. Ele sempre parece cansado quando o vejo. Se certifique de dizer para ele descansar bastante, ok?\n\nEspero que você também esteja bem. Sei que trabalhar no exterior é muito diferente e demanda muito, mas espero que seu chefe te dê pausas suficientes e dias de folga. Seria muito bom se vocês dois pudessem voltar para casa.\n\nMark"
  },
  "5.8.mom_draft_8": {
    "subject": "fgadsf",
    "sender_name": "Maria B",
    "sender_email": "mariaborja20@email.com",
    "timestamp": 1402353780,
    "draft": true,
    "body": "Mãe\n\nPor favor, só me diga que você está bem eu não sei mais o que fazer"
  },
  "5.8.mom_draft_9": {
    "subject": "sdfads",
    "sender_name": "Maria B",
    "sender_email": "mariaborja20@email.com",
    "timestamp": 1402833780,
    "draft": true,
    "body": "Oi mãe,\n\nTenho grandes notícias. Ridel conseguiu sua grande chance e está em negociações para começar a filmar seu próprio filme. Não é incrível? Nesse ponto, Cath e eu só podemos esperar que ele não vire estrelinha e nos esqueça.\n\nNós dois ficamos acordados ontem à noite jogando nosso jogo de corrida favorito. E não precisa se preocupar, prometo que ainda estou dormindo o suficiente. Talvez até demais. Estou começando a pensar que deveria fazer algo mais produtivo com meu tempo, como Ridel com o filme dele.\n\nVocê deveria voltar para casa, e então podemos assistir quando estiver pronto! Ainda falta bastante tempo, então deve ser suficiente para se preparar, né? Tenho certeza de que Ridel ficaria muito emocionado se você quisesse ver. Espero que o pai também possa voltar para casa.\n\nEnquanto isso, a escola continua a mesma de sempre. Sabe, sou realmente grato a você e ao pai por tudo, mas às vezes olho para onde vai nossa mensalidade (pra maquiagem horrenda da diretora) e me pergunto se esse dinheiro não poderia ser usado de outra forma...\n\nSó brincando. Prometo que ainda estou indo pras aulas. Não se esforça demais, viu?\n\nMark"
  },
  "5.8.mom_draft_10": {
    "subject": "oi",
    "sender_name": "Maria B",
    "sender_email": "mariaborja20@email.com",
    "timestamp": 1409754360,
    "draft": true,
    "body": "Querida mãe,\n\nDecidi que vou tentar entrar para o clube de piano esse ano. Tenho praticado Wedding Day do Grieg, e já estou totalmente menos terrível. Isso é o que chamam de progresso, né?\n\nEspero consegir dominar a peça antes de você voltar para casa. Tá sendo um pouco complicado, mas vou colocar meu sangue, suor e lágrimas praticando todos os dias. Assim como você fez. Não vou parar até você ouvir uma performance da qual possa se orgulhar!\n\nEntão volte para casa logo, tá bom? Eu realmente quero que você veja. Prometo que não vou te decepcionar.\n\nMark"
  },
  "5.8.mom_draft_11": {
    "subject": "(sem assunto)",
    "sender_name": "Maria B",
    "sender_email": "mariaborja20@email.com",
    "timestamp": 1412122560,
    "draft": true,
    "body": "Oi mãe,\n\nSinto muito a sua falta. Sinto falta de ouvir notícias suas.\n\nJá faz oito meses, sabe? Não sei mais o que dizer. Espero que você esteja se cuidando, onde quer que esteja. Talvez esteja tocando piano em algum lugar. Talvez ainda esteja trabalhando demais. Provavelmente é isso, não é? \n\nO pai e eu estamos sempre esperando por você, então não precisa ter receio de entrar em contato, tá bom? Não estamos bravos e nem nada, eu prometo. Só queremos um retorno seu.\n\nTenho muita saudade de você, mãe.\n\nCom amor, \nMark"
  },
  "5.8.mom_draft_12": {
    "subject": "audição",
    "sender_name": "Maria B",
    "sender_email": "mariaborja20@email.com",
    "timestamp": 1420489920,
    "draft": true,
   "body": "Oi mãe,\n\nTivemos audições pro clube de piano hoje. Eu me dediquei muito pra isso, e acho que fui bem. Eu anexei um vídeo da peça que eu toquei pra você, caso você queira assistir.\n\nSinto sua falta\nMark",
  },
  "9.2b.1": {
    "subject": "Re: Volta pra casa no natal",
    "sender_name": "Paolo Borja",
    "sender_email": "paolo.borja.12@email.com",
    "timestamp": 1415936952,
    "body": "filho.. ja estou tentando voltar pra casa no natal, mas tá tudo muito corrido. espero que sua mãe consiga ir também..me avise se ouvir alguma coisa dela, tá ?"
  },
  "9.3a.1": {
    "subject": "Re: Volta pra casa no natal",
    "sender_name": "Paolo Borja",
    "sender_email": "paolo.borja.12@email.com",
    "timestamp": 1415936952,
    "body": "desculpa, filho.. as coisas tão muito corridas e eu não vou conseguir voltar pra casa. vou mandar seu dinheiro de natal..só se certifique de gastar em algo util\n\nvoce ouviu alguma coisa da sua mãe? me deixa informado.. ela provavelmente deve estar muito ocupada agora."
  },
  "9.3a.2": {
    "subject": "Você recebeu 4.000 AED via FastRemit",
    "sender_name": "FastRemit",
    "sender_email": "no-reply@fastremit.com",
    "timestamp": 1415941380,
    "body": "[center][img=200]res://assets/pictures/ch1sc1a/fastremit_logo.png[/img][/center]\n\n[font=res://fonts/Raleway-Regular-16.tres]Olá Mark Borja,\n\n[color=#6C8E3E][font=res://fonts/Raleway-Bold-16.tres]Você recebeu 4.000 AED de Paolo Borja via FastRemit International Remittance.[/font][/color]\n\nO dinheiro está na sua conta e pronto para uso. Você pode gastar, enviar ou gerenciar seu dinheiro no FastRemit.\n\n[font=res://fonts/Raleway-Bold-16.tres]Detalhes da transação[/font]\n—————\n[font=res://fonts/Raleway-Bold-16.tres]De:[/font] Paolo Borja\n[font=res://fonts/Raleway-Bold-16.tres]Quantia recebida:[/font] 4.000,00 AED\n[font=res://fonts/Raleway-Bold-16.tres]Número da transferência:[/font] #800327185\n\n[font=res://fonts/Raleway-Bold-16.tres]Nota do remetente:[/font]\ndesculpa,filho..\nfeliz natal..\nsua mãe e eu te amamos muito\n\n—————\nObrigado por usar nosso serviço,\nEquipe Fast[color=#6C8E3E]Remit[/color]\n\n\n[center][font=res://fonts/Raleway-Regular-10.tres]Este email foi enviado via FastRemit. Ao usar nossos serviços, você concorda com os termos.\n\n© FastRemit 2014. Todos os direitos reservados.[/font][/center][/font]"
  },
  "lo.4.1a.1": {
    "subject": "Re: Volta pra casa no natal",
    "sender_name": "Paolo Borja",
    "sender_email": "paolo.borja.12@email.com",
    "timestamp": 1415936952,
    "body": "ei filho.. desculpa te deixar esperando, mas ainda sem novidades sobre nosso retorno. a situação aqui tá cada vez pior. o terremoto complicou tudo.. fomos exigidos a trabalhar e consertar os danos ou mais pessoas vão se ferir.talvez só por mais alguns meses.\n\nnão sei . se as coisas melhorarem, vamos te ver. vamos tentar.. vou perguntar pra sua mãe também quando ela vai voltar talvez.\n\nespero que você esteja bem aí. te amo filho."
  },
  "lo.4.1a.2": {
    "subject": "Você recebeu 3.000 AED via FastRemit",
    "sender_name": "FastRemit",
    "sender_email": "no-reply@fastremit.com",
    "timestamp": 1415941380,
    "body": "[center][img=200]res://assets/pictures/ch1sc1a/fastremit_logo.png[/img][/center]\n\n[font=res://fonts/Raleway-Regular-16.tres]Olá Mark Borja,\n\n[color=#6C8E3E][font=res://fonts/Raleway-Bold-16.tres]Você recebeu 3.000 AED de Paolo Borja via FastRemit International Remittance.[/font][/color]\n\nO dinheiro está na sua conta e pronto para uso. Você pode gastar, enviar ou gerenciar seu dinheiro no FastRemit.\n\n[font=res://fonts/Raleway-Bold-16.tres]Detalhes da transação[/font]\n—————\n[font=res://fonts/Raleway-Bold-16.tres]De:[/font] Paolo Borja\n[font=res://fonts/Raleway-Bold-16.tres]Quantia recebida:[/font] 3,000.00 AED\n[font=res://fonts/Raleway-Bold-16.tres]Número da transferência:[/font] #800220531\n\n[font=res://fonts/Raleway-Bold-16.tres]Nota do remetente:[/font]\nfilho nao se esqueça de verificar o estado da nossa casa. . já te falei que a manutenção dela é muito muito importante. sua mãe não gostaria de ver nossa casa aos pedaços\n\n—————\nObrigado por usar nosso serviço,\nEquipe Fast[color=#6C8E3E]Remit[/color]\n\n\n[center][font=res://fonts/Raleway-Regular-10.tres]Este email foi enviado via FastRemit. Ao usar nossos serviços, você concorda com os termos.\n\n© FastRemit 2014. Todos os direitos reservados.[/font][/center][/font]"
  }
}
