﻿{
  "1.1a.1": {
    "subject": "Virtuoso 23申请状态",
    "sender_name": "埃丽卡·桑切斯",
    "sender_email": "erika@virtuoso23.com.ph",
    "timestamp": 1415911631,
    "body": "马克·博尔哈：您好！\n\n感谢您申请加入[b]Virtuoso 23[/b]。我们已仔细审核收到的申请，根据我们的选拔标准，很遗憾您的申请未能入选。\n\n我们在此提醒申请者，由于每年我们都只能接纳少数新成员，因此名额非常有限。感谢您抽出宝贵时间提交所需材料和其他申请事项，评选委员会对您参与我们的项目表示衷心感谢。\n\n我们每年都会向有才华的钢琴家敞开大门，所以请继续努力练习！我们衷心祝愿您在音乐家和钢琴家的道路上取得辉煌成就！\n\n致以最诚挚的祝福，\n[img=320]res://assets/pictures/ch1sc1a/erika_email_sign.png[/img]"
  },
  "1.1a.2": {
    "subject": "杰夫·祖基的一次性提议（不是诈骗）",
    "sender_name": "杰夫·祖基",
    "sender_email": "jeffzucki4222@email.com",
    "timestamp": 1415920643,
    "spam": true,
    "body": "尊敬的[b]客户[/b]：\n\n一位慈善家，社交网站Nookface的创始人兼CEO，也是世界上最年轻的亿万富翁之一，同时还是还是世界上最大的私人基金会之一，杰夫·祖基慈善基金会的主席。我坚信着“达则兼济天下”这一理念。我有一个始终不变的想法——我们应该用财富来帮助他人，因此我决定向全世界被随机选中的人捐赠[b]{$1,500,000,00}[/b]。收到这封电子邮件后，您就是此次的幸运儿！您的电子邮件地址是通过我的社交网络数据库随机挑选出来的。请尽快回复我，以便我确认您的电子邮件地址有效。（[color=gray]jeffzucki4222@email.com[/color]）立即给我回复邮件。\n\n感谢您，\n真诚的，\n[b]杰夫·祖基[/b]\n[color=gray]Nookface创始人兼CEO，慈善家[/color]"
  },
  "1.1a.3": {
    "subject": "回复：圣诞节回家",
    "sender_name": "保罗·博尔哈",
    "sender_email": "paolo.borja.12@email.com",
    "timestamp": 1415936952,
    "body": "嘿，儿子……抱歉让你久等了，但我们回家的事还没有新消息。这里的情况已经糟透了，我们的一个电工因事故触电身亡。我们可能需要工作到明年来修复损坏的东西，否则可能会有更多人受伤……\n\n我也不确定。如果情况好转，我们就会去看你的……等你妈妈联系我、联系我们时，我也会问问她的\n\n希望你在学校一切顺利，爱你。"
  },
  "1.1a.4": {
    "subject": "您通过FastRemit收到了3,000 AED",
    "sender_name": "FastRemit",
    "sender_email": "no-reply@fastremit.com",
    "timestamp": 1415941380,
    "body": "[center][img=200]res://assets/pictures/ch1sc1a/fastremit_logo.png[/img][/center]\n\n[font=res://fonts/Raleway-Regular-16.tres]马克·博尔哈：您好！\n\n[color=#6C8E3E][font=res://fonts/Raleway-Bold-16.tres]您已通过FastRemit国际汇款服务收到来自保罗·博尔哈的3,000 AED。[/font][/color]\n\n款项已成功入账，您现在可以在FastRemit上使用、转移或管理这些资金。\n\n[font=res://fonts/Raleway-Bold-16.tres]转账详情：[/font]\n—————\n[font=res://fonts/Raleway-Bold-16.tres]汇款人：[/font]保罗·博尔哈\n[font=res://fonts/Raleway-Bold-16.tres]收到金额：[/font]3,000.00 AED\n[font=res://fonts/Raleway-Bold-16.tres]转账编号：[/font]#800213946\n\n[font=res://fonts/Raleway-Bold-16.tres]附注：[/font]\n别忘了付账单，儿子。也请让艾拉太太打扫打扫房子……另外，这是我第二次警告你……千万不要把钱浪费在无意义的游戏上。\n\n—————\n感谢您使用我们的服务，\nFast[color=#6C8E3E]Remit[/color]团队\n\n\n[center][font=res://fonts/Raleway-Regular-10.tres]此电子邮件由FastRemit发送。使用我们的服务即表示您同意我们的客户协议。\n\n© FastRemit 2014. 保留所有权利。[/font][/center][/font]"
  },
  "4.3a.3": {
    "subject": "回复：圣诞节回家",
    "sender_name": "保罗·博尔哈",
    "sender_email": "paolo.borja.12@email.com",
    "timestamp": 1419315193,
    "body": "嘿，儿子……很抱歉我们今年没能回家。工作进展缓慢，但我们正在努力……明年我们一定会补偿你的，好吗？\n\n如果你妈妈联系你了，记得告诉我。我们爱你，马克。圣诞快乐，\n[img=320]res://assets/pictures/ch4sc3a/dadpic.png[/img]"
  },
  "5.1.1": {
    "subject": "回复：圣诞节回家",
    "sender_name": "保罗·博尔哈",
    "sender_email": "paolo.borja.12@email.com",
    "timestamp": 1420395545,
    "body": "新年快乐，马克。今天是社团面试，对吧？\n\n加油，儿子……让妈妈为你骄傲。你可以给她录个视频……我相信她会很想看你弹琴的。\n你一定行的！"
  },
  "5.1.2": {
    "subject": "您通过FastRemit收到了3,000 AED",
    "sender_name": "FastRemit",
    "sender_email": "no-reply@fastremit.com",
    "timestamp": 1420397843,
    "body": "[center][img=200]res://assets/pictures/ch1sc1a/fastremit_logo.png[/img][/center]\n\n[font=res://fonts/Raleway-Regular-16.tres]马克·博尔哈：您好！\n\n[color=#6C8E3E][font=res://fonts/Raleway-Bold-16.tres]您已通过FastRemit国际汇款服务收到来自保罗·博尔哈的3,000 AED。[/font][/color]\n\n款项已成功入账，您现在可以在FastRemit上使用、转移或管理这些资金。\n\n[font=res://fonts/Raleway-Bold-16.tres]转账详情：[/font]\n—————\n[font=res://fonts/Raleway-Bold-16.tres]汇款人：[/font]保罗·博尔哈\n[font=res://fonts/Raleway-Bold-16.tres]收到金额：[/font]3,000.00 AED\n[font=res://fonts/Raleway-Bold-16.tres]转账编号：[/font]#800238704\n\n[font=res://fonts/Raleway-Bold-16.tres]附注：[/font]\n加油，儿子\n\n—————\n感谢您使用我们的服务，\nFast[color=#6C8E3E]Remit[/color]团队\n\n\n[center][font=res://fonts/Raleway-Regular-10.tres]此电子邮件由FastRemit发送。使用我们的服务即表示您同意我们的客户协议。\n\n© FastRemit 2014. 保留所有权利。[/font][/center][/font]"
  },
  "5.8.club_accepted": {
    "subject": "LIPC面试结果",
    "sender_name": "爱丽丝·马纳罕",
    "sender_email": "elisem09@email.com",
    "timestamp": 1420927200,
    "body": "亲爱的马克：\n\n恭喜！很高兴通知您，您的面试表现给我们留下了深刻印象。我们诚邀您正式加入利亚姆森综合学校钢琴社。干得漂亮！我们期待您加入我们社团，欣赏到您更多精彩的演出！\n\n最诚挚的问候，\n爱丽丝·马纳罕\nLIPC社长，2014-2015学年"
  },
  "5.8.mom_draft_audition_no_video": {
    "subject": "面试",
    "sender_name": "玛莉亚·B",
    "sender_email": "mariaborja20@email.com",
    "timestamp": 1420489920,
    "draft": true,
    "body": "嗨，妈妈：\n\n今天我们进行了钢琴社的面试。我为此苦练了很久，感觉自己表现得不错。真的很希望能被录取。\n\n我想你了\n马克"
  },
  "5.8.mom_draft_audition": {
    "subject": "面试",
    "sender_name": "玛莉亚·B",
    "sender_email": "mariaborja20@email.com",
    "timestamp": 1420489920,
    "draft": true,
    "body": "嗨，妈妈：\n\n今天我们进行了钢琴社的面试。我为此苦练了很久，感觉自己表现得不错。我附上了我的面试视频，你可以看一看。\n\n我想你了\n马克",
    "attachments": [
      {
        "name": "VID_20150105_161438.mp4",
        "size": 113857249
      }
    ]
  },
  "5.8.mom_draft_0": {
    "subject": "更新",
    "sender_name": "玛莉亚·B",
    "sender_email": "mariaborja20@email.com",
    "timestamp": 1392192720,
    "draft": true,
    "body": "妈妈：\n\n我和爸爸都非常担心，请尽快回复我们。航空公司那边还是没有任何消息。我们每天都在打电话询问，请务必让我们知道你还平安无事。\n\n马克"
  },
  "5.8.mom_draft_1": {
    "subject": "（无主题）",
    "sender_name": "玛莉亚·B",
    "sender_email": "mariaborja20@email.com",
    "timestamp": 1393018920,
    "draft": true,
    "body": "妈妈：\n\n请让我和爸爸知道你平安无事。我们真的很害怕。请尽快回复"
  },
  "5.8.mom_draft_2": {
    "subject": "求你了",
    "sender_name": "玛莉亚·B",
    "sender_email": "mariaborja20@email.com",
    "timestamp": 1393604280,
    "draft": true,
    "body": "妈妈：\n\n对不起。对不起，求你回来吧。我从一开始就不想让你离开。你根本不需要为我做这些的。对不起，我再也不会有任何的要求了，求你回来求你别离开我"
  },
  "5.8.mom_draft_3": {
    "subject": "跟踪邮件",
    "sender_name": "玛莉亚·B",
    "sender_email": "mariaborja20@email.com",
    "timestamp": 1394391720,
    "draft": true,
    "body": "嗨，妈妈：我又发了一封跟踪邮件，这样如果你不方便回复的话就不用回复了，好吗？只要我能知道你看过了就好。\n\n想你"
  },
  "5.8.mom_draft_4": {
    "subject": "（无主题）",
    "sender_name": "玛莉亚·B",
    "sender_email": "mariaborja20@email.com",
    "timestamp": 1395097980,
    "draft": true,
    "body": "妈妈：\n\n这一点都不公平这一切都不公平，世界都要末日了，而你却不在我身边"
  },
  "5.8.mom_draft_5": {
    "subject": "adsdff",
    "sender_name": "玛莉亚·B",
    "sender_email": "mariaborja20@email.com",
    "timestamp": 1398439920,
    "draft": true,
    "body": "妈妈：\n\n嗨，你最近怎么样？如果你能让我和爸爸知道你还平安无事的话就好了，这对我们来说很重要。我知道你可能只是工作很忙，但新闻真的让我们很担心，然后又发生了这些地震之类的事情。请跟我们报一声平安，好吗？"
  },
  "5.8.mom_draft_6": {
    "subject": "对不起",
    "sender_name": "玛莉亚·B",
    "sender_email": "mariaborja20@email.com",
    "timestamp": 1398821460,
    "draft": true,
    "body": "亲爱的妈妈：\n\n对不起。我为一切道歉。我希望你和爸爸从未离开。我理解你们为什么这么做，我也很感激。但这不值得。我不值得。\n\n我现在吃不下饭也睡不着觉，什么都做不了。而爸爸就快崩溃了。我们真的很想你。请告诉我们你还好。请回家吧，妈妈。我保证我再也不会有任何要求了。我会在学校更加努力。我愿意做任何事。\n\n求你回来吧。\n求你回来。"
  },
  "5.8.mom_draft_7": {
    "subject": "（无主题）",
    "sender_name": "玛莉亚·B",
    "sender_email": "mariaborja20@email.com",
    "timestamp": 1400354820,
    "draft": true,
    "body": "亲爱的妈妈：\n\n今天我和爸爸通了电话。他说工作很忙，可能会越来越忙。我希望他能早点休息一两天。我们每次见面时，他都显得很疲惫。记得提醒他多休息，好吗？\n\n我希望你也一切安好。我知道在国外工作不容易，希望你的老板能给你足够的休息时间和假期。如果你们俩都能回家就好了。\n\n马克"
  },
  "5.8.mom_draft_8": {
    "subject": "fgadsf",
    "sender_name": "玛莉亚·B",
    "sender_email": "mariaborja20@email.com",
    "timestamp": 1402353780,
    "draft": true,
    "body": "妈妈\n\n求你至少告诉我你没事 我不知道该怎么办了"
  },
  "5.8.mom_draft_9": {
    "subject": "sdfads",
    "sender_name": "玛莉亚·B",
    "sender_email": "mariaborja20@email.com",
    "timestamp": 1402833780,
    "draft": true,
    "body": "嗨，妈妈：\n\n我有个大消息。里德尔得到了一个大好机会，他准备要开始拍摄自己的电影，现在正在洽谈呢。太酷了吧？我和凯茜现在只希望他不会骄傲过头，把我们两个给忘了。\n\n昨晚我们俩熬夜玩了最喜欢的赛车游戏。别担心，我保证我还是睡够时间了的。可能甚至睡得有点太多了。我开始觉得自己也该做点更有意义的事情，就像里德尔和他的电影一样。\n\n你应该早点回家，我们一起去看他的电影！离上映还有很长一段时间，所以应该有足够的时间准备，对吧？如果你来看的话，里德尔一定会特别感动的。希望爸爸也能回家。\n\n与此同时，学校还是老样子。说实话，我真的很感激你和爸爸为我所做的一切，但有时候，我看着校长那坑坑洼洼的妆容，会忍不住想这钱是不是可以用在其他更有意义的地方上。\n\n开玩笑的啦。我保证我还在认真上课。别让自己太累，好吗？\n\n马克"
  },
  "5.8.mom_draft_10": {
    "subject": "嗨",
    "sender_name": "玛莉亚·B",
    "sender_email": "mariaborja20@email.com",
    "timestamp": 1409754360,
    "draft": true,
    "body": "亲爱的妈妈：\n\n我决定今年要参加钢琴社的面试。我一直在练习格里格的《婚礼日》，现在弹得没以前那么糟糕了。这也算是有所进步，对吧？\n\n希望在你回家之前我能完全掌握好这首曲子。虽然有些困难，但我会每天都全力以赴地练习的。就像你当初那样。我会一直练习，直到你能听到一场让你骄傲的演奏！\n\n所以，请快点回家，好吗？我真的很想让你看到。我保证我不会让你失望的。\n\n马克"
  },
  "5.8.mom_draft_11": {
    "subject": "（无主题）",
    "sender_name": "玛莉亚·B",
    "sender_email": "mariaborja20@email.com",
    "timestamp": 1412122560,
    "draft": true,
    "body": "嗨，妈妈：\n\n我好想你。我好想收到你的消息。\n\n现在已经八个月了。我不知道还能说什么。无论你在哪里，我希望你能照顾好自己。也许你在某个地方弹钢琴，也许你还在忙于工作。可能是后者吧。\n\n我和爸爸一直在等你，所以别不敢联系我们，好吗？我们不会生气的，我保证。我们只想听到你的消息。\n\n我真的很想你，妈妈。\n\n爱你的，\n马克"
  },
  "5.8.mom_draft_12": {
    "subject": "面试",
    "sender_name": "玛莉亚·B",
    "sender_email": "mariaborja20@email.com",
    "timestamp": 1420489920,
    "draft": true,
    "body": "嗨，妈妈：\n\n今天我们进行了钢琴社的面试。我为此苦练了很久，感觉自己表现得不错。我附上了我的面试视频，你可以看一看。\n\n我想你了\n马克"
  },
  "9.2b.1": {
    "subject": "回复：圣诞节回家",
    "sender_name": "保罗·博尔哈",
    "sender_email": "paolo.borja.12@email.com",
    "timestamp": 1415936952,
    "body": "嘿，儿子……我正试图努力赶在圣诞节前回家，但工作似乎真的很忙。希望你妈妈也能回来……如果她联系你了，就记得告诉我，好吗？"
  },
  "9.3a.1": {
    "subject": "回复：圣诞节回家",
    "sender_name": "保罗·博尔哈",
    "sender_email": "paolo.borja.12@email.com",
    "timestamp": 1415936952,
    "body": "对不起，儿子……工作实在太忙了，我没法回家了。我会把你的圣诞节礼钱打给你……记得花在有用的东西上。\n\n你有妈妈的消息吗？记得告诉我……她现在也可能很忙。"
  },
  "9.3a.2": {
    "subject": "您通过FastRemit收到了4,000 AED",
    "sender_name": "FastRemit",
    "sender_email": "no-reply@fastremit.com",
    "timestamp": 1415941380,
    "body": "center][img=200]res://assets/pictures/ch1sc1a/fastremit_logo.png[/img][/center]\n\n[font=res://fonts/Raleway-Regular-16.tres]马克·博尔哈：您好！\n\n[color=#6C8E3E][font=res://fonts/Raleway-Bold-16.tres]您已通过FastRemit国际汇款服务收到来自保罗·博尔哈的4,000 AED。[/font][/color]\n\n款项已成功入账，您现在可以在FastRemit上使用、转移或管理这些资金。\n\n[font=res://fonts/Raleway-Bold-16.tres]转账详情：[/font]\n—————\n[font=res://fonts/Raleway-Bold-16.tres]汇款人：[/font]保罗·博尔哈\n[font=res://fonts/Raleway-Bold-16.tres]收到金额：[/font]4,000.00 AED\n[font=res://fonts/Raleway-Bold-16.tres]转账编号：[/font]#800327185\n\n[font=res://fonts/Raleway-Bold-16.tres]附注：[/font]\n抱歉，儿子……\n圣诞快乐……\n我和妈妈都爱你\n\n—————\n感谢您使用我们的服务，\nFast[color=#6C8E3E]Remit[/color]团队\n\n\n[center][font=res://fonts/Raleway-Regular-10.tres]此电子邮件由FastRemit发送。使用我们的服务即表示您同意我们的客户协议。\n\n© FastRemit 2014. 保留所有权利。[/font][/center][/font]"
  },
  "lo.4.1a.1": {
    "subject": "回复：圣诞节回家",
    "sender_name": "保罗·博尔哈",
    "sender_email": "paolo.borja.12@email.com",
    "timestamp": 1415936952,
    "body": "嘿，儿子……抱歉让你久等了，但我们回家的事还没有新消息。这里的情况越来越糟，地震更是雪上加霜。公司要求我们加班加点地工作，修复损坏的东西，否则可能会有更多人受伤。可能只需要几个月\n\n我也不确定。如果情况好转，我们就会去看你的……等你妈妈联系我时，我也会问问她的\n\n希望你那边一切顺利。我爱你，儿子。"
  },
  "lo.4.1a.2": {
    "subject": "您通过FastRemit收到了3,000 AED",
    "sender_name": "FastRemit",
    "sender_email": "no-reply@fastremit.com",
    "timestamp": 1415941380,
    "body": "[center][img=200]res://assets/pictures/ch1sc1a/fastremit_logo.png[/img][/center]\n\n[font=res://fonts/Raleway-Regular-16.tres]马克·博尔哈：您好！\n\n[color=#6C8E3E][font=res://fonts/Raleway-Bold-16.tres]您已通过FastRemit国际汇款服务收到来自保罗·博尔哈的3,000 AED。[/font][/color]\n\n款项已成功入账，您现在可以在FastRemit上使用、转移或管理这些资金。\n\n[font=res://fonts/Raleway-Bold-16.tres]转账详情：[/font]\n—————\n[font=res://fonts/Raleway-Bold-16.tres]汇款人：[/font]保罗·博尔哈\n[font=res://fonts/Raleway-Bold-16.tres]收到金额：[/font]3,000.00 AED\n[font=res://fonts/Raleway-Bold-16.tres]转账编号：[/font]#800220531\n\n[font=res://fonts/Raleway-Bold-16.tres]附注：[/font]\n儿子别忘了要重新检查一下损坏情况……我跟你说过房屋维护非常非常重要。你妈妈不会想看到我们的房子变得破破烂烂的\n\n—————\n感谢您使用我们的服务，\nFast[color=#6C8E3E]Remit[/color]团队\n\n\n[center][font=res://fonts/Raleway-Regular-10.tres]此电子邮件由FastRemit发送。使用我们的服务即表示您同意我们的客户协议。\n\n© FastRemit 2014. 保留所有权利。[/font][/center][/font]"
  }
}
