﻿{
  "1.1a.1": {
    "subject": "Status ng Aplikasyon Sa Virtuoso 23",
    "sender_name": "Erika Sanchez",
    "sender_email": "erika@virtuoso23.com.ph",
    "timestamp": 1415911631,
    "body": "Minamahal na Mark Borja,\n\nSalamat sa iyong interes sa pagsali sa [b]Virtuoso 23[/b]. Pagkatapos suriin ang mga aplikasyon na aming natanggap, hindi napiling umusad ang sa iyo ayon sa aming mga pamantayan sa pagpili.\n\nNais naming paalalahanan ang aming mga aplikante na iilan lamang ang mapipili naming mga bagong miyembro sa pagsisikap naming maglaan ng puwang para sa marami pang aplikante kada taon. Salamat sa paglalaan ng oras para isumite ang mga kinakailangan at iba pang mga bagay sa aplikasyon. Ikinagagalak ng selection board ang pakikilahok mo sa aming programa.\n\nBinubuksan namin ang aming mga pintuan sa mga karapat-dapat na pianista kada taon kaya patuloy na mag-ensayo! Nais naming magtagumpay ka sa passion mo bilang isang musikero at bilang isang pianista!\n\nTaos-pusong bumabati,\n[img=320]res://assets/pictures/ch1sc1a/erika_email_sign.png[/img]"
  },
  "1.1a.2": {
    "subject": "ONE TIME OFFER NI JEFF ZUCKI [HINDI SCAM]",
    "sender_name": "Jeff Zucki",
    "sender_email": "jeffzucki4222@email.com",
    "timestamp": 1415920643,
    "spam": true,
    "body": "Minamahal na [b]Costumer[/b],,\n\nAko si Jeff Zucki,Isang philantrophist ang founder at CEO ng social-networking website na Nookface,pati na rin ang isa sa mga pinakabatang bilyonaryo sa mundo at Chairman ng Jeff Zucki Charitable Foundation, Isa sa pinakamalaking pribadong foundation sa mundo. Malakas ang paniniwala ko sa'pagbibigay habang nabubuhay' Mayroon akong isang ideya na hindi kailanman nagbago sa aking isipan - na dapat mong gamitin ang kayamanan mo para tulungan ang mga tao at nagdesisyon akong lihim na magbigay ng [b]{$1,500,000,00}[/b] sa random na piling mga indibidwal sa buong mundo. Sa pagtanggap ng email na ito,napakaswerte mong tao ka. Random na napili ang email address mo habang naghahanap sa aking database ng social networking.Mangyaring sumagot sa akin kung kailan mo pinakamabilis na magagawa, para malaman kong valid ang iyong email address.([color=gray]jeffzucki4222@email.co[/color]m) Mag-email sa akin ngayon.\n\nSalamat,\nTapat Sa Iyo,\n[b]JEF ZUCKI[/b]\n[color=gray]CEO Founder Philanthropist Nookface[/color]"
  },
  "1.1a.3": {
    "subject": "Re: Pag-uwi sa Pasko",
    "sender_name": "Paolo Borja",
    "sender_email": "paolo.borja.12@email.com",
    "timestamp": 1415936952,
    "body": "hi anak.. pasensya na kung pinaghihintay kita pero wala pa ring update sa pag-uwi namin. hindi maganda ang sitwasyon dito. nakuryente at namatay sa aksidente ang isa sa mga electrcian namin. baka kailanganinn naming magtrabaho hanggang sunod na taon para ayusin yung mga sira kung hindi baka may masaktan na naman..\n\ndi ko alam. kung maayos na ang kalagayan ng mga bagay-bagay magkikita tayo. susubukan namin.. tatanungin ko rin ang mama mo kapag sumagot na siya sakin, satin\n\nsana maayos ang pag-aaral mo.love you. ."
  },
  "1.1a.4": {
    "subject": "Nakatanggap ka ng 3,000 AED sa pamamagitan ng FastRemit",
    "sender_name": "FastRemit",
    "sender_email": "no-reply@fastremit.com",
    "timestamp": 1415941380,
    "body": "[center][img=200]res://assets/pictures/ch1sc1a/fastremit_logo.png[/img][/center]\n\n[font=res://fonts/Raleway-Regular-16.tres]Hello Mark Borja,\n\n[color=#6C8E3E][font=res://fonts/Raleway-Bold-16.tres]Nakatanggap ka ng 3,000 AED mula kay Paolo Borja sa pamamagitan ng FastRemit International Remittance.[/font][/color]\n\nNasa account mo na ang pera at handa nang gamitin. Puwede mong gastusin, ipadala, o pamahalaan ang iyong pera sa FastRemit.\n\n[font=res://fonts/Raleway-Bold-16.tres]Mga detalye ng transaksyon[/font]\n—————\n[font=res://fonts/Raleway-Bold-16.tres]Mula kay:[/font] Paolo Borja\n[font=res://fonts/Raleway-Bold-16.tres]Halagang natanggap:[/font] 3,000.00 AED\n[font=res://fonts/Raleway-Bold-16.tres]Numero ng pag-transfer:[/font] #800213946\n\n[font=res://fonts/Raleway-Bold-16.tres]Mensahe ng nagpadala:[/font]\nhuwag mong kalimutang bayaran ang mga bills anak.. ipalinis mo din ang bahay kay mrs aira. tsaka 2nd warning mo na to.. diyos ko anak wag mo tong gastusin sa mga walang kabuluhang video game\n\n—————\nSalamat sa paggamit ng aming serbisyo,\nThe Fast[color=#6C8E3E]Remit[/color] team\n\n\n[center][font=res://fonts/Raleway-Regular-10.tres]Ang email na ito ay ipinadala sa iyo ng FastRemit. Sa paggamit ng aming mga serbisyo, sumasang-ayon ka sa aming mga kasunduan sa customer.\n\n© FastRemit 2014. All rights reserved.[/font][/center][/font]"
  },
  "4.3a.3": {
    "subject": "Re: Pag-uwi sa Pasko",
    "sender_name": "Paolo Borja",
    "sender_email": "paolo.borja.12@email.com",
    "timestamp": 1419315193,
    "body": "hi anak.. pasensya na talaga at hindi kami makakauwi ngayong taon. naging mabagal ang mga bagay-bagay sa trabaho pero umuusad naman kami..babawi kami sa iyo sa sunod na taon ok?\n\nbalitaan mo ko kapag nakipag-usap na sau ang mama mo. mahal ka namin mark.maligayang pasko,\n[img=320]res://assets/pictures/ch4sc3a/dadpic.png[/img]"
  },
  "5.1.1": {
    "subject": "Re: Pag-uwi sa Pasko",
    "sender_name": "Paolo Borja",
    "sender_email": "paolo.borja.12@email.com",
    "timestamp": 1420395545,
    "body": "happy new year mark. club audition ngayon diba?\n\ngood luck anak..gawin mong proud ang mama mo. pwede mo siguro syang pakitaan ng video. sigurado akong gusto ka nyang makitang tumutugtog.\nkaya mo yan"
  },
  "5.1.2": {
    "subject": "Nakatanggap ka ng 3,000 AED sa pamamagitan ng FastRemit",
    "sender_name": "FastRemit",
    "sender_email": "no-reply@fastremit.com",
    "timestamp": 1420397843,
    "body": "[center][img=200]res://assets/pictures/ch1sc1a/fastremit_logo.png[/img][/center]\n\n[font=res://fonts/Raleway-Regular-16.tres]Kumusta, Mark Borja?\n\n[color=#6C8E3E][font=res://fonts/Raleway-Bold-16.tres]Nakatanggap ka ng 3,000 AED mula kay Paolo Borja sa pamamagitan ng FastRemit International Remittance.[/font][/color]\n\nNasa account mo na ang pera at handa nang gamitin. Puwede mong gastusin, ipadala, o pamahalaan ang iyong pera sa FastRemit.\n\n[font=res://fonts/Raleway-Bold-16.tres]Mga detalye ng transaksyon[/font]\n—————\n[font=res://fonts/Raleway-Bold-16.tres]Mula kay:[/font] Paolo Borja\n[font=res://fonts/Raleway-Bold-16.tres]Halagang natanggap:[/font] 3,000.00 AED\n[font=res://fonts/Raleway-Bold-16.tres]Numero ng pag-transfer:[/font] #800238704\n\n[font=res://fonts/Raleway-Bold-16.tres]Mensahe ng nagpadala:[/font]\ngalingan mo anak\n\n—————\nSalamat sa paggamit ng aming serbisyo,\nThe Fast[color=#6C8E3E]Remit[/color] team\n\n\n[center][font=res://fonts/Raleway-Regular-10.tres]Ang email na ito ay ipinadala sa iyo ng FastRemit. Sa paggamit ng aming mga serbisyo, sumasang-ayon ka sa aming mga kasunduan sa customer.\n\n© FastRemit 2014. All rights reserved.[/font][/center][/font]"
  },
  "5.8.club_accepted": {
    "subject": "Resulta ng LIPC Auditions",
    "sender_name": "Elise Manahan",
    "sender_email": "elisem09@email.com",
    "timestamp": 1420927200,
    "body": "Hello Mark,\n\nCongratulations! Ikinalulugod naming ipaalam sa iyo na pinahanga mo kami sa audition mo, at iniimbitahan kang opisyal na sumali sa Liamson Integrated Piano Club. Magaling, at inaasahan namin na makasama ka sa aming club at marinig ang marami pang performance mo!\n\nPagbati,\nElise Manahan\nPresident, LIPC S.Y. 2014-2015"
  },
  "5.8.mom_draft_audition_no_video": {
    "subject": "audition",
    "sender_name": "Maria B",
    "sender_email": "mariaborja20@email.com",
    "timestamp": 1420489920,
    "draft": true,
    "body": "Hi ma,\n\nNag-audition po kami para sa piano club ngayong araw. Nag-practice po ako nang mabuti para dito, at sa palagay ko po nagawa ko naman nang maayos. Sana po talaga makapasok ako.\n\nMiss ko na po kayo\nMark"
  },
  "5.8.mom_draft_audition": {
    "subject": "audition",
    "sender_name": "Maria B",
    "sender_email": "mariaborja20@email.com",
    "timestamp": 1420489920,
    "draft": true,
    "body": "Hi ma,\n\nNag-audition po kami para sa piano club ngayong araw. Nag-practice po ako nang mabuti para dito, at sa palagay ko po nagawa ko naman nang maayos. Sana po talaga makapasok ako. Nag-attach po pala ako ng video ng audition piece ko po para sayo. In case lang naman po na gusto mong mapanood.\n\nMiss ko na po kayo\nMark",
    "attachments": [
      {
        "name": "VID_20150105_161438.mp4",
        "size": 113857249
      }
    ]
  },
  "5.8.mom_draft_0": {
    "subject": "update",
    "sender_name": "Maria B",
    "sender_email": "mariaborja20@email.com",
    "timestamp": 1392192720,
    "draft": true,
    "body": "Ma,\n\nNag-aalala na po talaga kami ni Papa, please sagutin mo na po kami. Wala pa rin pong update mula sa airline. Araw-araw po kaming tumatawag. Sabihin mo lang po samin na okay kayo please.\n\nMark"
  },
  "5.8.mom_draft_1": {
    "subject": "(no subject)",
    "sender_name": "Maria B",
    "sender_email": "mariaborja20@email.com",
    "timestamp": 1393018920,
    "draft": true,
    "body": "Ma, \n\nSabihin mo po samin ni papa na ligtas po kayo please. Natatakot na po talaga kami. Please reply po ASAP"
  },
  "5.8.mom_draft_2": {
    "subject": "please po",
    "sender_name": "Maria B",
    "sender_email": "mariaborja20@email.com",
    "timestamp": 1393604280,
    "draft": true,
    "body": "Ma,\n\nSorry po talaga. Sorry po talaga please bumalik na po kayo. Di ko naman po ginustong umalis kayo kahit kailan. Di po ninyo kailangang gawin yun para sakin. Sorry po talaga wala na akong ibang hihingin please bumalik na lang po kyo please wag nyo lang po akong iwan"
  },
  "5.8.mom_draft_3": {
    "subject": "tracked email",
    "sender_name": "Maria B",
    "sender_email": "mariaborja20@email.com",
    "timestamp": 1394391720,
    "draft": true,
    "body": "Hi Ma, nagpadala po ulit ako sa inyo ng tracked email para di na po nyo kailangang magreply kung di nyo po kaya, ha? Malalaman ko po kung binuksan nyo to.\n\nMiss you po"
  },
  "5.8.mom_draft_4": {
    "subject": "(no subject)",
    "sender_name": "Maria B",
    "sender_email": "mariaborja20@email.com",
    "timestamp": 1395097980,
    "draft": true,
    "body": "Ma,\n\nAng unfair naman po nito ang unfair po na magugunaw na ang mundo at wala man lang po kayo dito"
  },
  "5.8.mom_draft_5": {
    "subject": "adsdff",
    "sender_name": "Maria B",
    "sender_email": "mariaborja20@email.com",
    "timestamp": 1398439920,
    "draft": true,
    "body": "Ma,\n\nHi, kumusta na po kayo? Napakalaking bagay po samin ni papa kung magsasabi po kayong okay kayo. Alam ko pong baka busy lang kayo sa trabaho, pero nag-aalala po talaga kami dahil po sa balita, at pati po yung lahat ng iba pang bagay na nangyari kasama yung mga lindol. Please magsabi lang po kayo samin, ha?"
  },
  "5.8.mom_draft_6": {
    "subject": "sorry po",
    "sender_name": "Maria B",
    "sender_email": "mariaborja20@email.com",
    "timestamp": 1398821460,
    "draft": true,
    "body": "Dear Mama,\n\nI'm sorry po. Sorry po sa lahat. Sana di na lang po kayo umalis ni papa. Naiintindihan ko po kung bakit nyo ginawa, at nagpapasalamat po ako para dun. Pero di po to worth it. Di po ako worth it.\n\nDi po ako makakain Di po ako makatulog wala po akong magawa. Natutuliro na po si Papa. Miss na miss na po namin kayo. Please magsabi po kayo samin na okay kayo. Umuwi na po kayo mama. Pangako wala na po akong hihingin na kahit ano. Mas magsisikap po ako sa pag-aaral. Gagawin ko po ang lahat.\n\nBumalik lang po kayo please.\nPlease bumalik na po kayo."
  },
  "5.8.mom_draft_7": {
    "subject": "(no subject)",
    "sender_name": "Maria B",
    "sender_email": "mariaborja20@email.com",
    "timestamp": 1400354820,
    "draft": true,
    "body": "Dear Mama,\n\nNakausap ko po si papa sa telepono ngayong araw. Sabi po nya naging busy talaga sa trabaho, at mukhang magiging mas busy pa po. Sana po maka-day off na sya agad. Palagi po syang pagod kapag nakikita ko siya. Sabihan po nyo sya na magpahinga nang mabuti, ha?\n\nSana okay lang din po kayo. Alam ko pong iba talaga at demanding ang pagtatrabaho sa ibang bansa. Sana pagpahingahin at ipag-day off din po kayo ng amo nyo nang sapat. Maganda talaga po kung makakauwi kayong dalawa.\n\nMark"
  },
  "5.8.mom_draft_8": {
    "subject": "fgadsf",
    "sender_name": "Maria B",
    "sender_email": "mariaborja20@email.com",
    "timestamp": 1402353780,
    "draft": true,
    "body": "Ma\n\nPakisabi lang po na okay kayo please di ko na po alam ang gagawin ko"
  },
  "5.8.mom_draft_9": {
    "subject": "sdfads",
    "sender_name": "Maria B",
    "sender_email": "mariaborja20@email.com",
    "timestamp": 1402833780,
    "draft": true,
    "body": "Hi Ma,\n\nMay malaking balita po ako. Nakakuha po ng big break si Ridel at may mga kausap na sya para makagawa na ng sarili nyang pelikula. Ang galing po diba? Sa punto pong to, umaasa na lang po kami ni Cathy na sana di po lumaki ang ulo nya at kalimutan kami.\n\nNapuyat po kaming dalawa kagabi sa paglalaro ng paborito naming racing game. Wag po kayong mag-alala, promise ko po na kumpleto pa rin ako sa tulog. Baka sobra pa nga po eh. Nag-iisip na po akong baka dapat may ginagawa na rin akong mas productive sa oras ko, tulad ni Ridel at ng pelikula nya.\n\nUmuwi na po kayo at panoorin natin yun kapag tapos na! Matagal-tagal pa naman po, kaya sapat po yung oras para makapaghanda, diba? Sure po akong sobrang mata-touch si Ridel kung gusto po nyo yung panoorin. Sana makauwi din po si papa.\n\nYung school naman po katulad pa rin ng dati. Alam po ninyo, nagpapasalamat po talaga ako sa inyo ni papa sa lahat, pero minsan tinitingnan ko po kung saan napupunta yung tuition namin (sa makapal na makeup po ng principal namin) at iniisip ko po kung may iba pang napupuntahan yung perang yun.\n\nBiro lang po. Promise pumapasok pa rin po ako. Wag po ninyo masyadong pagurin ang sarili nyo, ha? \n\nMark"
  },
  "5.8.mom_draft_10": {
    "subject": "hi",
    "sender_name": "Maria B",
    "sender_email": "mariaborja20@email.com",
    "timestamp": 1409754360,
    "draft": true,
    "body": "Dear mama,\n\nNagdecide po ako na magtry out sa piano club this year. Pinapraktis ko po yung Wedding Day by Grieg, at medyo mas okay na naman po yung pagtugtog ko kaysa sa dati. Progress na po yun, diba?\n\nSana makabisado ko po to bago kayo umuwi. Medyo di po maganda, pero mamumuhunan po ako ng dugo, pawis, at luha sa pagpaparaktis araw-araw. Katulad po ng ginawa nyo. Di po ako titigil hangga't di po kayo nakakarinig ng performance na maipagmamalaki nyo!\n\nKaya umuwi na po kayo agad, ha? Gusto ko po talagang makita nyo to. Promise di ko po kayo bibiguin.\n\nMark"
  },
  "5.8.mom_draft_11": {
    "subject": "(no subject)",
    "sender_name": "Maria B",
    "sender_email": "mariaborja20@email.com",
    "timestamp": 1412122560,
    "draft": true,
    "body": "Hi Ma,\n\nMiss ko na po kayo. Miss ko na po kayong kausap.\n\nWalong buwan na po ngayon. Di ko po alam kung ano pa pong sasabihin ko. Sana inaalagaan po ninyo ang sarili nyo, nasaan man po kayo. Baka nagpi-piano lang po kayo kung saan. Baka nagtatrabaho pa rin po kayo nang sobra. Baka yun nga. \n\nLagi po kayo naming hinihintay ni papa, kaya wag po kayong matakot na tumawag, ha? Di po kami galit, promise. Gusto lang po naming makarinig ng sagot mula po sa inyo.\n\nMiss na miss ko na po kayo, mama.\n\nLove,\nMark"
  },
  "5.8.mom_draft_12": {
    "subject": "audition",
    "sender_name": "Maria B",
    "sender_email": "mariaborja20@email.com",
    "timestamp": 1420489920,
    "draft": true,
    "body": "Hi ma,\n\nNag-audition po kami para sa piano club ngayong araw. Nag-practice po ako nang mabuti para dito, at sa palagay ko po nagawa ko naman nang maayos. Sana po talaga makapasok ako. Nag-attach po pala ako ng video ng audition piece ko po para sayo. In case lang naman po na gusto mong mapanood.\n\nMiss na po kita\nMark"
  },
  "9.2b.1": {
    "subject": "Re: Pag-uwi sa Pasko",
    "sender_name": "Paolo Borja",
    "sender_email": "paolo.borja.12@email.com",
    "timestamp": 1415936952,
    "body": "hi anak.. Sinusubukan kong makauwi para sa pasko pero mukhang busy. sana makapunta din ang mama mo..balitaan mo ko kung nakausap mo sya ha ?"
  },
  "9.3a.1": {
    "subject": "Re: Pag-uwi sa Pasko",
    "sender_name": "Paolo Borja",
    "sender_email": "paolo.borja.12@email.com",
    "timestamp": 1415936952,
    "body": "sorry anak.. sobrang busy talaga sa mga bagay-bagay at hindi ako makakauwi. Ipapadala ko sayo ung pero mo para sa pasko..siguraduhin mo lang na gagastusin mo ito nang maayos\n\nnakausap mo na ba ang mama mo? balitaan mo ko.. malamang busy din sya ngayon."
  },
  "9.3a.2": {
    "subject": "Nakatanggap ka ng 4,000 AED sa pamamagitan ng FastRemit",
    "sender_name": "FastRemit",
    "sender_email": "no-reply@fastremit.com",
    "timestamp": 1415941380,
    "body": "[center][img=200]res://assets/pictures/ch1sc1a/fastremit_logo.png[/img][/center]\n\n[font=res://fonts/Raleway-Regular-16.tres]Kumusta, Mark Borja?\n\n[color=#6C8E3E][font=res://fonts/Raleway-Bold-16.tres]Nakatanggap ka ng 4,000 AED mula kay Paolo Borja sa pamamagitan ng FastRemit International Remittance.[/font][/color]\n\nNasa account mo na ang pera at handa nang gamitin. Puwede mong gastusin, ipadala, o pamahalaan ang iyong pera sa FastRemit.\n\n[font=res://fonts/Raleway-Bold-16.tres]Mga detalye ng transaksyon[/font]\n—————\n[font=res://fonts/Raleway-Bold-16.tres]Mula kay:[/font] Paolo Borja\n[font=res://fonts/Raleway-Bold-16.tres]Halagang natanggap:[/font] 4,000.00 AED\n[font=res://fonts/Raleway-Bold-16.tres]Numero ng pag-transfer:[/font] #800327185\n\n[font=res://fonts/Raleway-Bold-16.tres]Mensahe ng nagpadala:[/font]\nsorry anak...\nmerry xmas..\nmahal ka namin ng mama mo\n\n—————\nSalamat sa paggamit ng aming serbisyo,\nThe Fast[color=#6C8E3E]Remit[/color] team\n\n\n[center][font=res://fonts/Raleway-Regular-10.tres]Ang email na ito ay ipinadala sa iyo ng FastRemit. Sa paggamit ng aming mga serbisyo, sumasang-ayon ka sa aming mga kasunduan sa customer.\n\n© FastRemit 2014. All rights reserved.[/font][/center][/font]"
  },
  "lo.4.1a.1": {
    "subject": "Re: Pag-uwi sa Pasko",
    "sender_name": "Paolo Borja",
    "sender_email": "paolo.borja.12@email.com",
    "timestamp": 1415936952,
    "body": "hi anak.. pasensya na at pinaghihintay kita pero wala pa rin update sa pag-uwi namin. lumalala ang sitwasyon dito. pinalala ng lindol ang lahat.. kinailangan naming magtrabaho at ayusin yung mga sira kung hindi baka may mga masaktang tao.siguro ilang buwan lang to\n\ndi ko alam . kung maayos na ang bagay-bagay magkikita tayo. susubukan namin.. tatanungin ko rin ang mama mo kapag sumagot na siya siguro\n\nsana maayos ang kalagayan mo dyan. i love you anak."
  },
  "lo.4.1a.2": {
    "subject": "Nakatanggap ka ng 3,000 AED sa pamamagitan ng FastRemit",
    "sender_name": "FastRemit",
    "sender_email": "no-reply@fastremit.com",
    "timestamp": 1415941380,
    "body": "[center][img=200]res://assets/pictures/ch1sc1a/fastremit_logo.png[/img][/center]\n\n[font=res://fonts/Raleway-Regular-16.tres]Kumusta, Mark Borja?\n\n[color=#6C8E3E][font=res://fonts/Raleway-Bold-16.tres]Nakatanggap ka ng 3,000 AED mula kay Paolo Borja sa pamamagitan ng FastRemit International Remittance.[/font][/color]\n\nNasa account mo na ang pera at handa nang gamitin. Puwede mong gastusin, ipadala, o pamahalaan ang iyong pera sa FastRemit.\n\n[font=res://fonts/Raleway-Bold-16.tres]Mga detalye ng transaksyon[/font]\n—————\n[font=res://fonts/Raleway-Bold-16.tres]Mula kay:[/font] Paolo Borja\n[font=res://fonts/Raleway-Bold-16.tres]Halagang natanggap:[/font] 3,000.00 AED\n[font=res://fonts/Raleway-Bold-16.tres]Numero ng pag-transfer:[/font] #800220531\n\n[font=res://fonts/Raleway-Bold-16.tres]Mensahe ng nagpadala:[/font]\nanak huwag mong kalimutang ipacheck uli yung mga sira.. sinabi ko sayo na napakahalaga ng maintenance. ayaw ng mama mo na makitang ganyan ang bahay natin\n\n—————\nSalamat sa paggamit ng aming serbisyo,\nThe Fast[color=#6C8E3E]Remit[/color] team\n\n\n[center][font=res://fonts/Raleway-Regular-10.tres]Ang email na ito ay ipinadala sa iyo ng FastRemit. Sa paggamit ng aming mga serbisyo, sumasang-ayon ka sa aming mga kasunduan sa customer.\n\n© FastRemit 2014. All rights reserved.[/font][/center][/font]"
  }
}
