{
  "1.1a.1": {
    "subject": "Estado de su solicitud a Virtuoso 23",
    "sender_name": "Erika Sánchez",
    "sender_email": "erika@virtuoso23.com.ph",
    "timestamp": 1415911631,
    "body": "Estimado Mark Borja:\n\nLe agradecemos mucho su interés en unirse a [b]Virtuoso 23[/b]. Tras revisar las solicitudes que hemos recibido, nos ponemos en contacto con usted para comunicarle que no ha pasado el proceso de selección.\n\nQueremos recordar a todos nuestros candidatos que disponemos de pocas vacantes para miembros nuevos, aunque tratamos de aumentar este número cada año. La junta de selección le agradece mucho su participación.\n\nTodos los años aceptamos a fantásticos pianistas, así que le animamos a que continúe formándose y mejorando. Le deseamos que tenga éxito en sus actividades como músico y pianista.\n\nMucha suerte y cordiales saludos.\n[img=320]res://assets/pictures/ch1sc1a/erika_email_sign.png[/img]"
  },
  "1.1a.2": {
    "subject": "OFERTA EXLUSIVA DE JEFF ZUCKI [NO ES UNA ESTAFA]",
    "sender_name": "Jeff Zucki",
    "sender_email": "jeffzucki4222@email.com",
    "timestamp": 1415920643,
    "spam": true,
    "body": "Querido/a [b]cliente/a[/b],,\n\nSoy Jeff Zucki,un filantropo, fundador y CEO de la red social Nookface,y uno de los multimillonarios mas jovenes del mundo y el director de la Fundación de Ayuda Humanitaria Jeff Zucki, un a de las fundaciones privadas más importantes del mundo. Mi lema es dar para recibiry es algo que no ha cambiado durante mi vida: lo más importante es usar las riquezas para ayudar a los demas por eso he decidido regalar en secreto [b]{$1,500,000,00}[/b] a una serie de personas escogidas al azar de todo el mundo. si has recibido este cprreo eres una de esas afortunadas individuos. Tu correo electrónico se seleccionó al azar de la base de datos de mi red social.Escríbeme lo antes posible para confirmar que este correo es valido.([color=gray]jeffzucki4222@email.co[/color]m) Escribeme ya.\n\nGracias,\nAtentamente:\n[b]JEF ZUCKI[/b]\n[color=gray]Fundador y CEO filantropo de Nookface[/color]"
  },
  "1.1a.3": {
    "subject": "Re: Vuelta a casa por Navidad",
    "sender_name": "Paolo Borja",
    "sender_email": "paolo.borja.12@email.com",
    "timestamp": 1415936952,
    "body": "hola hijo... siento tenrete esperando pero aun no nos han confirmado cuando podemos volver. aqui las cosas no van muy bien. hubo un accidente y uno los electricistas del equipo murió electrocutado. pyede que nos toque trabajar hasta ek año viene para arreglar los daños y que nadie mas salga herido..\n\nno se aun. si todo va bien puede que nos veamos.. lo hablare tambien con tu madre cuando se ponga en contacto conmigo, con los dos\n\nespero que todo vaya bien en el cole.tequiero. ."
  },
  "1.1a.4": {
    "subject": "Has recibido 3000 AED por medio de FastRemit",
    "sender_name": "FastRemit",
    "sender_email": "no-reply@fastremit.com",
    "timestamp": 1415941380,
    "body": "[center][img=200]res://assets/pictures/ch1sc1a/fastremit_logo.png[/img][/center]\n\n[font=res://fonts/Raleway-Regular-16.tres]Hola, Mark Borja:\n\n[color=#6C8E3E][font=res://fonts/Raleway-Bold-16.tres]Ha recibido una transferencia de 3000 AED de Paolo Borja con el servicio de transferencias internacionales de FastRemit.[/font][/color]\n\nEl dinero ya está disponible en su cuenta. Puede gastar, enviar o gestionar su dinero en FastRemit.\n\n[font=res://fonts/Raleway-Bold-16.tres]Detalles de la transacción[/font]\n—————\n[font=res://fonts/Raleway-Bold-16.tres]Remitente:[/font] Paolo Borja\n[font=res://fonts/Raleway-Bold-16.tres]Cantidad recibida:[/font] 3000,00 AED\n[font=res://fonts/Raleway-Bold-16.tres]Número de transferencia:[/font] #800213946\n\n[font=res://fonts/Raleway-Bold-16.tres]Nota del remitente:[/font]\nno te olvidesd e pagar las facturas hijo.. y que la sra aira limpie la casa. y por dios ya es la segunda vez que te lo digo.. no te gastes el dinero en vidoejuegos\n\n—————\nGracias por usar nuestros servicios.\nEl equipo de Fast[color=#6C8E3E]Remit[/color]\n\n\n[center][font=res://fonts/Raleway-Regular-10.tres]Correo enviado por FastRemit. Al usar nuestros servicios, accede a nuestros contratos de usuario.\n\n© FastRemit 2014. Todos los derechos reservados.[/font][/center][/font]"
  },
  "4.3a.3": {
    "subject": "Re: Vuelta a casa por Navidad",
    "sender_name": "Paolo Borja",
    "sender_email": "paolo.borja.12@email.com",
    "timestamp": 1419315193,
    "body": "hola hijo.. siento mucho que on hayamos podido estar enc asa por tercer año consecutivo. las cosas en el trabajo van despacio pero estamos avanznado..el año que viene te lo compensaremos ya lo veras\n\navisame cuando mama te escriba. te queremos mark.feliz navidad,\n[img=320]//assets/pictures/ch4sc3a/dadpic.png[/img]"
  },
  "5.1.1": {
    "subject": "Re: Vuelta a casa por Navidad",
    "sender_name": "Paolo Borja",
    "sender_email": "paolo.borja.12@email.com",
    "timestamp": 1420395545,
    "body": "feliz año nuevo mark. hoy es la audicion del club no?\n\nbuena suerte hijo..haz que tu madre se sienta orgullosa. quizas podiras mandarle un video.. estoy seguro de que le encantaria verte tocar.\ntu puedes"
  },
  "5.1.2": {
    "subject": "Has recibido 3000 AED por medio de FastRemit",
    "sender_name": "FastRemit",
    "sender_email": "no-reply@fastremit.com",
    "timestamp": 1420397843,
    "body": "[center][img=200]res://assets/pictures/ch1sc1a/fastremit_logo.png[/img][/center]\n\n[font=res://fonts/Raleway-Regular-16.tres]Hola, Mark Borja:\n\n[color=#6C8E3E][font=res://fonts/Raleway-Bold-16.tres]Ha recibido una transferencia de 3000 AED de Paolo Borja con el servicio de transferencias internacionales de FastRemit.[/font][/color]\n\nEl dinero ya está disponible en su cuenta. Puede gastar, enviar o gestionar su dinero en FastRemit.\n\n[font=res://fonts/Raleway-Bold-16.tres]Detalles de la transacción[/font]\n—————\n[font=res://fonts/Raleway-Bold-16.tres]Remitente:[/font] Paolo Borja\n[font=res://fonts/Raleway-Bold-16.tres]Cantidad recibida:[/font] 3000,00 AED\n[font=res://fonts/Raleway-Bold-16.tres]Número de transferencia:[/font] #800238704\n\n[font=res://fonts/Raleway-Bold-16.tres]Nota del remitente:[/font]\na por todas hijo\n\n—————\nGracias por usar nuestros servicios.\nEl equipo de Fast[color=#6C8E3E]Remit[/color]\n\n\n[center][font=res://fonts/Raleway-Regular-10.tres]Correo enviado por FastRemit. Al usar nuestros servicios, accede a nuestros contratos de usuario.\n\n© FastRemit 2014. Todos los derechos reservados.[/font][/center][/font]"
  },
  "5.8.club_accepted": {
    "subject": "Resultado de las audiciones del club de piano",
    "sender_name": "Elisa Manahan",
    "sender_email": "elisem09@email.com",
    "timestamp": 1420927200,
    "body": "Hola, Mark:\n\n¡Enhorabuena! Nos complace informarte de que estamos impresionados con tu audición y estás invitado oficialmente a unirte al club de piano del colegio integrado Liamson. ¡Queremos reconocer tu esfuerzo e invitarte a unirte oficialmente a nuestro club para seguir escuchando tus actuaciones!\n\nUn cordial saludo.\nElisa Manahan\nPresidenta del club de piano LIPC, estudiante de último año 2014-2015"
  },
  "5.8.mom_draft_audition_no_video": {
    "subject": "audición",
    "sender_name": "Maria B",
    "sender_email": "mariaborja20@email.com",
    "timestamp": 1420489920,
    "draft": true,
    "body": "Hola, mamá:\n\nHoy han sido las audiciones del club de piano. Me esforcé mucho para mejorar y creo que ha salido bien. Espero que me acepten.\n\nTe echo de menos.\nMark"
  },
  "5.8.mom_draft_audition": {
    "subject": "audición",
    "sender_name": "Maria B",
    "sender_email": "mariaborja20@email.com",
    "timestamp": 1420489920,
    "draft": true,
    "body": "Hola, mamá:\n\nHoy han sido las audiciones del club de piano. Me esforcé mucho para mejorar y creo que ha salido bien. Te adjunto un vídeo de mi actuación, por si te apetece verla.\n\nTe echo de menos.\nMark",
    "attachments": [
      {
        "name": "VID_20150105_161438.mp4",
        "size": 113857249
      }
    ]
  },
  "5.8.mom_draft_0": {
    "subject": "actualización",
    "sender_name": "Maria B",
    "sender_email": "mariaborja20@email.com",
    "timestamp": 1392192720,
    "draft": true,
    "body": "Mamá:\n\nPapá y yo estamos muy preocupados, por favor, vuelve en cuanto puedas. Los de la aerolínea no nos dicen nada nuevo. Llamamos todos los días. Queremos saber si estás bien.\n\nMark"
  },
  "5.8.mom_draft_1": {
    "subject": "(sin asunto)",
    "sender_name": "Maria B",
    "sender_email": "mariaborja20@email.com",
    "timestamp": 1393018920,
    "draft": true,
    "body": "Mamá:\n\nPor favor, papá y yo necesitamos saber que estás bien. Estamos muy asustados. Responde tan pronto como puedas."
  },
  "5.8.mom_draft_2": {
    "subject": "por favor",
    "sender_name": "Maria B",
    "sender_email": "mariaborja20@email.com",
    "timestamp": 1393604280,
    "draft": true,
    "body": "Mamá:\n\nLo siento mucho. Por favor, lo siento muchísimo, vuelve. Sabes que nunca quise que te marcharas. No tenías por qué hacerlo por mí. Lo siento de verdad, nunca volveré a pedirte nada, pero vuelve por favor, no me dejes."
  },
  "5.8.mom_draft_3": {
    "subject": "confirmación de lectura",
    "sender_name": "Maria B",
    "sender_email": "mariaborja20@email.com",
    "timestamp": 1394391720,
    "draft": true,
    "body": "Hola, mamá: Te envío otro correo con confirmación de lectura. No hace falta que respondas si no puedes, ¿vale? Con que lo abras, vale.\n\nTe echo de menos."
  },
  "5.8.mom_draft_4": {
    "subject": "(sin asunto)",
    "sender_name": "Maria B",
    "sender_email": "mariaborja20@email.com",
    "timestamp": 1395097980,
    "draft": true,
    "body": "Mamá:\n\nEsto no es justo nada de esto es justo el mundo se acaba y no estás aquí"
  },
  "5.8.mom_draft_5": {
    "subject": "adsdff",
    "sender_name": "Maria B",
    "sender_email": "mariaborja20@email.com",
    "timestamp": 1398439920,
    "draft": true,
    "body": "Mamá:\n\nHola, ¿cómo va todo? Significaría mucho para papá y para mí si nos escribieras para saber que estás bien. Sé que estarás muy ocupada con el trabajo, pero nos hemos quedado preocupados después de ver las noticias, y con todos esos terremotos. Escríbenos, porfa, ¿vale?"
  },
  "5.8.mom_draft_6": {
    "subject": "lo siento",
    "sender_name": "Maria B",
    "sender_email": "mariaborja20@email.com",
    "timestamp": 1398821460,
    "draft": true,
    "body": "Querida mamá:\n\nLo siento. Siento mucho todo. Ojalá papá y tú nunca os hubierais marchado. Entiendo por qué lo hicisteis y os lo agradezco, pero esto no merecía la pena. No merecía la pena hacer esto por mí.\n\nNo consigo comer ni dormir ni hacer nada. Papá está histérico. Te echamos mucho de menos. Por favor necesitamos saber que estás bien. Vuelve a casa, mamá. Te prometo que no volveré a pedirte nunca nada más. Me esforzaré más en clase. Haré lo que me pidas.\n\nVuelve, por favor.\nPor favor, mamá."
  },
  "5.8.mom_draft_7": {
    "subject": "(sin asunto)",
    "sender_name": "Maria B",
    "sender_email": "mariaborja20@email.com",
    "timestamp": 1400354820,
    "draft": true,
    "body": "Querida mamá:\n\nHoy he hablado por teléfono con papá. Dice que no para en el trabajo, y que la cosa va a más. Espero que le den algún día de descanso pronto. Siempre que lo veo, parece agotado. Dile tú también que descanse, ¿vale?\n\nEspero que tú estés bien también. Sé que trabajar en el extranjero es bastante distinto y que os exige mucho. Espero que te den días libres y estés pudiendo descansar. Sería genial si pudierais venir a casa los dos.\n\nMark"
  },
  "5.8.mom_draft_8": {
    "subject": "fgadsf",
    "sender_name": "Maria B",
    "sender_email": "mariaborja20@email.com",
    "timestamp": 1402353780,
    "draft": true,
    "body": "Mamá:\n\nPor favor dime que estás bien ya no sé qué hacer"
  },
  "5.8.mom_draft_9": {
    "subject": "sdfads",
    "sender_name": "Maria B",
    "sender_email": "mariaborja20@email.com",
    "timestamp": 1402833780,
    "draft": true,
    "body": "Hola, mamá:\n\nTengo un notición que contarte. A Ridel le han dado por fin la oportunidad que estaba buscando, y está negociando la grabación de su propio cortometraje. ¿A que es una pasada? Cathy estuvimos hablando de que más vale que no se le suba a la cabeza y se olvide de nosotros.\n\nAnoche nos quedamos hasta las tantas echando carreras en nuestro juego favorito. No te preocupes, te prometo que estoy durmiendo suficiente. Quizás demasiado. Empiezo a pensar que debería aprovechar mi tiempo y hacer algo productivo, como Ridel con su corto.\n\n¡Deberías venir a casa para verlo cuando esté listo! Aún falta, pero así te dará tiempo a prepararte. Estoy seguro de que Ridel se conmovería si aparecieras. Espero que papá pueda volver también.\n\nMientras, el cole es lo mismo de siempre. Sabes que os agradezco todo a papá y a ti, pero cuando veo adónde va el dinero que pagáis (a los cinco kilos de maquillaje de la directora), me pregunto si no habría una forma mejor de invertirlo.\n\nEs broma, ¿eh? Te prometo que sigo yendo a clase. No te pases trabajando, ¿vale?\n\nMark"
  },
  "5.8.mom_draft_10": {
    "subject": "hola",
    "sender_name": "Maria B",
    "sender_email": "mariaborja20@email.com",
    "timestamp": 1409754360,
    "draft": true,
    "body": "Querida mamá:\n\nHe decidido que voy a intentar entrar en el club de piano este año. He estado practicando Día de boda de Grieg, y ya no suena tan horrible como cuando empecé. Eso cuenta como progreso, ¿no?\n\nEspero poder tocarla bien antes de que vuelvas. Es más difícil de lo que parece, pero pienso poner sudor, sangre y lágrimas ensayando cada día. Igual que tú. ¡No voy a parar hasta poder dar una actuación de la que estés orgullosa!\n\nAsí que tienes que volver a casa pronto, ¿vale? Tengo muchas ganas de tocar para ti. Te prometo que no te decepcionaré.\n\nMark"
  },
  "5.8.mom_draft_11": {
    "subject": "(sin asunto)",
    "sender_name": "Maria B",
    "sender_email": "mariaborja20@email.com",
    "timestamp": 1412122560,
    "draft": true,
    "body": "Hola, mamá:\n\nTe echo de menos. Echo de menos saber de ti.\n\nHace ya ocho meses. Ya no sé qué más decir. Espero que te estés cuidando, dondequiera que estés. Quizás estás en algún lugar, tocando el piano. Quizás sigues trabajando demasiado. Conociéndote, seguro que sí.\n\nPapá y yo no hemos dejado de esperarte, así que no tengas miedo de escribirnos, ¿vale? No estamos enfadados, te lo prometo. Solo queremos saber de ti.\n\nTe echo mucho de menos, mamá.\n\nTe quiero.\nMark"
  },
  "5.8.mom_draft_12": {
    "subject": "audición",
    "sender_name": "Maria B",
    "sender_email": "mariaborja20@email.com",
    "timestamp": 1420489920,
    "draft": true,
    "body": "Hola, mamá:\n\nHoy han sido las audiciones del club de piano. Me esforcé mucho para mejorar y creo que ha salido bien. Te adjunto un vídeo de mi actuación, por si te apetece verla.\n\nTe echo de menos.\nMark"
  },
  "9.2b.1": {
    "subject": "Re: Vuelta a casa por Navidad",
    "sender_name": "Paolo Borja",
    "sender_email": "paolo.borja.12@email.com",
    "timestamp": 1415936952,
    "body": "hola hijo... voy a intentar estar en casa por navidad pero tenemos mucho trabajo. espero que tu madre pueda ir tambien..avisame si te dice algo vale?"
  },
  "9.3a.1": {
    "subject": "Re: Vuelta a casa por Navidad",
    "sender_name": "Paolo Borja",
    "sender_email": "paolo.borja.12@email.com",
    "timestamp": 1415936952,
    "body": "lo siento hijo.. al final estamos hasta arriba y no podre ir a verte. te mandare algo de dinero por navidad.. pero no lo malgastes en tonterias eh?\n\nte ha dicho algo tu madre? avisame.. supongo que estara tambien muy ocupada."
  },
  "9.3a.2": {
    "subject": "Has recibido 4000 AED por medio de FastRemit",
    "sender_name": "FastRemit",
    "sender_email": "no-reply@fastremit.com",
    "timestamp": 1415941380,
    "body": "[center][img=200]res://assets/pictures/ch1sc1a/fastremit_logo.png[/img][/center]\n\n[font=res://fonts/Raleway-Regular-16.tres]Hola, Mark Borja:\n\n[color=#6C8E3E][font=res://fonts/Raleway-Bold-16.tres]Ha recibido una transferencia de 4000 AED de Paolo Borja con el servicio de transferencias internacionales de FastRemit.[/font][/color]\n\nEl dinero ya está disponible en su cuenta. Puede gastar, enviar o gestionar su dinero en FastRemit.\n\n[font=res://fonts/Raleway-Bold-16.tres]Detalles de la transacción[/font]\n—————\n[font=res://fonts/Raleway-Bold-16.tres]Remitente:[/font] Paolo Borja\n[font=res://fonts/Raleway-Bold-16.tres]Cantidad recibida:[/font] 4000,00 AED\n[font=res://fonts/Raleway-Bold-16.tres]Número de transferencia:[/font] #800327185\n\n[font=res://fonts/Raleway-Bold-16.tres]Nota del remitente:[/font]\nlo siento hijo..\nfeliz navidad..\ntu madre y yo te queremos\n\n—————\nGracias por usar nuestros servicios.\nEl equipo de Fast[color=#6C8E3E]Remit[/color]\n\n\n[center][font=res://fonts/Raleway-Regular-10.tres]Correo enviado por FastRemit. Al usar nuestros servicios, accede a nuestros contratos de usuario.\n\n© FastRemit 2014. Todos los derechos reservados.[/font][/center][/font]"
  },
  "lo.4.1a.1": {
    "subject": "Re: Vuelta a casa por Navidad",
    "sender_name": "Paolo Borja",
    "sender_email": "paolo.borja.12@email.com",
    "timestamp": 1415936952,
    "body": "hola hijo... siento tenrete esperando pero aun no nos han confirmado cuando podemos volver. aqui las cosas van cada vez peor. el terremoto lo ha emperoado todo.. nos toca quedarnos trabajando para arreglar los daños para que nadie salga herido.. esperemos que solo sean unos meses\n\nno se aun. si todo va bien puede que nos veamos.. quizas lo hable con tu madre cuando nos conteste\n\nespero que todo vaya bien alli. tequiero hijo."
  },
  "lo.4.1a.2": {
    "subject": "Has recibido 3000 AED por medio de FastRemit",
    "sender_name": "FastRemit",
    "sender_email": "no-reply@fastremit.com",
    "timestamp": 1415941380,
    "body": "[center][img=200]res://assets/pictures/ch1sc1a/fastremit_logo.png[/img][/center]\n\n[font=res://fonts/Raleway-Regular-16.tres]Hola, Mark Borja:\n\n[color=#6C8E3E][font=res://fonts/Raleway-Bold-16.tres]Ha recibido una transferencia de 3000 AED de Paolo Borja con el servicio de transferencias internacionales de FastRemit.[/font][/color]\n\nEl dinero ya está disponible en su cuenta. Puede gastar, enviar o gestionar su dinero en FastRemit.\n\n[font=res://fonts/Raleway-Bold-16.tres]Detalles de la transacción[/font]\n—————\n[font=res://fonts/Raleway-Bold-16.tres]Remitente:[/font] Paolo Borja\n[font=res://fonts/Raleway-Bold-16.tres]Cantidad recibida:[/font] 3000,00 AED\n[font=res://fonts/Raleway-Bold-16.tres]Número de transferencia:[/font] #800220531\n\n[font=res://fonts/Raleway-Bold-16.tres]Nota del remitente:[/font]\nno te olvides de que revisen los daños... ya te dije que el mantenimiento es muy importante. a tu madre no le gustaria ver la casa asi\n\n—————\nGracias por usar nuestros servicios.\nEl equipo de Fast[color=#6C8E3E]Remit[/color]\n\n\n[center][font=res://fonts/Raleway-Regular-10.tres]Correo enviado por FastRemit. Al usar nuestros servicios, accede a nuestros contratos de usuario.\n\n© FastRemit 2014. Todos los derechos reservados.[/font][/center][/font]"
  }
}
