{
  "1.1a.1": {
    "subject": "Virtuoso 23: stato della domanda",
    "sender_name": "Erika Sanchez",
    "sender_email": "erika@virtuoso23.com.ph",
    "timestamp": 1415911631,
    "body": "Gentile Mark Borja,\n\nLa ringraziamo per il suo interesse a entrare nel programma [b]Virtuoso 23[/b]. Abbiamo esaminato le candidature ricevute in base ai nostri criteri di selezione, e le comunichiamo che purtroppo la sua non è stata selezionata per ulteriori considerazioni.\n\nDesideriamo ricordare a tutti i candidati che possiamo selezionare solo un numero ristretto di nuovi membri ogni anno. La ringraziamo per il tempo dedicato all'invio del materiale richiesto e alla compilazione della domanda. La commissione giudicatrice apprezza la sua partecipazione.\n\nApriamo le nostre porte ai migliori pianisti ogni anno, quindi continui a esercitarsi! Le auguriamo di riuscire a mettere a frutto la sua passione come musicista e pianista!\n\nCordiali saluti,\n[img=320]res://assets/pictures/ch1sc1a/erika_email_sign.png[/img]"
  },
  "1.1a.2": {
    "subject": "JEFF ZUCKI OFFERTA IRRIPETIBILE [NON È UNA TRUFFA]",
    "sender_name": "Jeff Zucki",
    "sender_email": "jeffzucki4222@email.com",
    "timestamp": 1415920643,
    "spam": true,
    "body": "Gentile [b]Cliente[/b],,\n\nMi chiamo Jeff Zucki,filantropo fondatore e amministratore delegato del social network Nookface,nonché uno dei miliardari più giovani al mondo e Presidente della Fondazione Benefica Jeff Zucki, Una delle più grandi fondazioni private al mondo. Credo fermamente nel motto\"dare da vivi\" e ho un'idea fissa: usare la mia ricchezza per aiutare altre persone e ho deciso di donare segretamente [b]{$1.500.000.00}[/b] a persone selezionate casualmente in tutto il mondo. Alla ricezione di questa email,puoi considerarti tra loro. Il tuo indirizzo e-mail è stato scelto casualmente cercando nel database del mio social.Rispondimi appena ne hai l'occasione,così avrò la conferma che il tuo indirizzo email è valido.([color=gray]jeffzucki4222@email.co[/color]m) Scrivimi ora.\n\nGrazie,\nCordiali saluti,\n[b]JEF ZUCKI[/b]\n[color=gray]Amministratore delegato Fondatore Filantropo Nookface[/color]"
  },
  "1.1a.3": {
    "subject": "Re: Ritorno a casa per Natale",
    "sender_name": "Paolo Borja",
    "sender_email": "paolo.borja.12@email.com",
    "timestamp": 1415936952,
    "body": "ciao figliolo.. mi spiace farti aspettare, ma non ho ancora novità sul nostro ritorno a casa. qui la situazione è allo stremo. uno dei nostri elettricisti è rimasto folgorato a morte in un incidente. potrebbero chiedercii di lavorare fino a capodanno per riparare i danni, altrimenti qualcun altro potrebbe farsi male..\n\nnon so che dirti. se le cose si metteranno per il verso giusto ci vedremo. ci proveremo.. chiederò anche a tua madre quando mi risponderà, ci risponderà\n\nspero che a scuola stia andando tutto bene. ti voglio bene. ."
  },
  "1.1a.4": {
    "subject": "Ha ricevuto 3.000 AED tramite FastRemit",
    "sender_name": "FastRemit",
    "sender_email": "no-reply@fastremit.com",
    "timestamp": 1415941380,
    "body": "[center][img=200]res://assets/pictures/ch1sc1a/fastremit_logo.png[/img][/center]\n\n[font=res://fonts/Raleway-Regular-16.tres]Gentile Mark Borja,\n\n[color=#6C8E3E][font=res://fonts/Raleway-Bold-16.tres]Ha ricevuto 3.000 AED da Paolo Borja tramite il servizio per rimesse internazionali FastRemit.[/font][/color]\n\nIl denaro è stato accreditato sul suo conto ed è pronto per l'uso. Può spendere, inviare o gestire il suo denaro con FastRemit.\n\n[font=res://fonts/Raleway-Bold-16.tres]Dettagli della transazione[/font]\n—————\n[font=res://fonts/Raleway-Bold-16.tres]Da:[/font] Paolo Borja\n[font=res://fonts/Raleway-Bold-16.tres]Importo ricevuto:[/font] 3.000,00 AED\n[font=res://fonts/Raleway-Bold-16.tres]Numero della transazione:[/font] #800213946\n\n[font=res://fonts/Raleway-Bold-16.tres]Messaggio dal mittente:[/font]\nnon dimenticare di pagare le bollette figliolo.. e fa' pulire la casa alla signora aira. questo è il tuo secondo avvertimento.. per l'amor del cielo non spendere i soldi in videogiochi inutili\n\n—————\nLa ringraziamo per aver usato il nostro servizio,\nLa squadra di Fast[color=#6C8E3E]Remit[/color]\n\n\n[center][font=res://fonts/Raleway-Regular-10.tres]Questa e-mail le è stata inviata da FastRemit. Utilizzando i nostri servizi, accetta i nostri termini contrattuali.\n\n© FastRemit 2014. Tutti i diritti riservati.[/font][/center][/font]"
  },
  "4.3a.3": {
    "subject": "Re: Ritorno a casa per Natale",
    "sender_name": "Paolo Borja",
    "sender_email": "paolo.borja.12@email.com",
    "timestamp": 1419315193,
    "body": "ciao figliolo.. mi spiace molto, ma questanno non siamo potuti tornare a casa. al lavoro le cose procedono lentamente, ma stiamo facendo progressi..ci faremo perdonare l'anno prossimo okay?\n\nfammi sapere quando senti tua madre. ti vogliamo tanto bene mark.buon natale,\n[img=320]res://assets/pictures/ch4sc3a/dadpic.png[/img]"
  },
  "5.1.1": {
    "subject": "Re: Ritorno a casa per Natale",
    "sender_name": "Paolo Borja",
    "sender_email": "paolo.borja.12@email.com",
    "timestamp": 1420395545,
    "body": "buon anno nuovo mark. le audizioni per il club sono oggi, vero?\n\nin bocca al lupo figliolo..rendi orgogliosa tua madre. magari registrale un video.. sono sicuro che sarebbe felice di vederti suonare.\nce la farai"
  },
  "5.1.2": {
    "subject": "Ha ricevuto 3.000 AED tramite FastRemit",
    "sender_name": "FastRemit",
    "sender_email": "no-reply@fastremit.com",
    "timestamp": 1420397843,
    "body": "[center][img=200]res://assets/pictures/ch1sc1a/fastremit_logo.png[/img][/center]\n\n[font=res://fonts/Raleway-Regular-16.tres]Gentile Mark Borja,\n\n[color=#6C8E3E][font=res://fonts/Raleway-Bold-16.tres]Ha ricevuto 3.000 AED da Paolo Borja tramite il servizio per rimesse internazionali FastRemit.[/font][/color]\n\nIl denaro è stato accreditato sul suo conto ed è pronto per l'uso. Può spendere, inviare o gestire il suo denaro con FastRemit.\n\n[font=res://fonts/Raleway-Bold-16.tres]Dettagli della transazione[/font]\n—————\n[font=res://fonts/Raleway-Bold-16.tres]Da:[/font] Paolo Borja\n[font=res://fonts/Raleway-Bold-16.tres]Importo ricevuto:[/font] 3.000,00 AED\n[font=res://fonts/Raleway-Bold-16.tres]Numero della transazione:[/font] #800238704\n\n[font=res://fonts/Raleway-Bold-16.tres]Messaggio dal mittente:[/font]\nfatti valere, figliolo\n\n—————\nLa ringraziamo per aver usato il nostro servizio,\nLa squadra di Fast[color=#6C8E3E]Remit[/color]\n\n\n[center][font=res://fonts/Raleway-Regular-10.tres]Questa e-mail le è stata inviata da FastRemit. Utilizzando i nostri servizi, accetta i nostri termini contrattuali.\n\n© FastRemit 2014. Tutti i diritti riservati.[/font][/center][/font]"
  },
  "5.8.club_accepted": {
    "subject": "Risultati dell'audizione per l'LIPC",
    "sender_name": "Elise Manahan",
    "sender_email": "elisem09@email.com",
    "timestamp": 1420927200,
    "body": "Ciao, Mark!\n\nComplimenti! Siamo lieti di informarti che la tua audizione ci ha impressionato positivamente, pertanto sei ufficialmente invitato a entrare a far parte del Liamson Integrated Piano Club. Complimenti, non vediamo l'ora di averti nel nostro club e di ascoltare altre tue esibizioni!\n\nDistinti saluti,\nElise Manahan\nPresidentessa dell'LIPC, A.S. 2014-2015"
  },
  "5.8.mom_draft_audition_no_video": {
    "subject": "audizione",
    "sender_name": "Maria B",
    "sender_email": "mariaborja20@email.com",
    "timestamp": 1420489920,
    "draft": true,
    "body": "Ciao mamma,\n\nOggi si sono tenute le audizioni per il club di pianoforte. Mi sono esercitato molto e credo di essermela cavata bene. Spero proprio che mi prendano.\n\nMi manchi\nMark"
  },
  "5.8.mom_draft_audition": {
    "subject": "audizione",
    "sender_name": "Maria B",
    "sender_email": "mariaborja20@email.com",
    "timestamp": 1420489920,
    "draft": true,
    "body": "Ciao mamma,\n\nOggi si sono tenute le audizioni per il club di pianoforte. Mi sono esercitato molto e credo di essermela cavata bene. Ho allegato un video della mia audizione, nel caso in cui volessi guardarlo.\n\nMi manchi\nMark",
    "attachments": [
      {
        "name": "VID_20150105_161438.mp4",
        "size": 113857249
      }
    ]
  },
  "5.8.mom_draft_0": {
    "subject": "aggiornamento",
    "sender_name": "Maria B",
    "sender_email": "mariaborja20@email.com",
    "timestamp": 1392192720,
    "draft": true,
    "body": "Mamma,\n\nIo e papà siamo molto preoccupati! Per favore, scrivici appena ne hai la possibilità. Non abbiamo ancora ricevuto alcun aggiornamento dalla compagnia aerea. Chiamiamo ogni giorno. Per favore, dicci che stai bene.\n\nMark"
  },
  "5.8.mom_draft_1": {
    "subject": "(nessun oggetto)",
    "sender_name": "Maria B",
    "sender_email": "mariaborja20@email.com",
    "timestamp": 1393018920,
    "draft": true,
    "body": "Mamma, \n\nPer favore, di' a me e a papà che stai bene. Siamo molto spaventati. Ti prego, rispondi il prima possibile"
  },
  "5.8.mom_draft_2": {
    "subject": "ti prego",
    "sender_name": "Maria B",
    "sender_email": "mariaborja20@email.com",
    "timestamp": 1393604280,
    "draft": true,
    "body": "Mamma,\n\nMi dispiace tanto. Mi dispiace tantissimo. Torna, per favore! Non volevo nemmeno che tu te ne andassi. Non dovevi farlo per me. Mi dispiace davvero tanto, non chiederò più niente! Ti prego, torna e non abbandonarmi"
  },
  "5.8.mom_draft_3": {
    "subject": "e-mail tracciata",
    "sender_name": "Maria B",
    "sender_email": "mariaborja20@email.com",
    "timestamp": 1394391720,
    "draft": true,
    "body": "Ciao mamma, ti mando un'altra e-mail tracciata così non devi rispondere se non puoi, okay? Se la aprirai, lo saprò.\n\nMi manchi"
  },
  "5.8.mom_draft_4": {
    "subject": "(nessun oggetto)",
    "sender_name": "Maria B",
    "sender_email": "mariaborja20@email.com",
    "timestamp": 1395097980,
    "draft": true,
    "body": "Mamma,\n\nNon è giusto, è tutto così ingiusto, il mondo sta per finire e tu non sei qui"
  },
  "5.8.mom_draft_5": {
    "subject": "adsdff",
    "sender_name": "Maria B",
    "sender_email": "mariaborja20@email.com",
    "timestamp": 1398439920,
    "draft": true,
    "body": "Mamma,\n\nCiao, come stai? Significherebbe molto per me e papà se ci dicessi che stai bene. So che probabilmente sei indaffarata con il lavoro, ma le notizie ci hanno fatto preoccupare molto e poi sono successe tutte queste cose e ci sono stati tutti quei terremoti. Per favore, facci sapere, okay?"
  },
  "5.8.mom_draft_6": {
    "subject": "mi dispiace",
    "sender_name": "Maria B",
    "sender_email": "mariaborja20@email.com",
    "timestamp": 1398821460,
    "draft": true,
    "body": "Cara mamma,\n\nMi dispiace. Mi dispiace per tutto. Vorrei che tu e papà non ve ne foste mai andati. Capisco perché l'avete fatto e ve ne sono grato. Ma non ne vale la pena. Non ne sono degno.\n\nNon riesco a mangiare, non riesco a dormire, non riesco a fare niente. Papà è isterico. Ci manchi tantissimo. Per favore, facci sapere che stai bene. Per favore, torna a casa, mamma. Ti prometto che non ti chiederò più niente. Mi impegnerò di più a scuola. Farò qualsiasi cosa.\n\nMa ti prego, torna.\nTi prego, torna."
  },
  "5.8.mom_draft_7": {
    "subject": "(nessun oggetto)",
    "sender_name": "Maria B",
    "sender_email": "mariaborja20@email.com",
    "timestamp": 1400354820,
    "draft": true,
    "body": "Cara mamma,\n\nOggi ho parlato al telefono con papà. Dice che ha avuto molto da fare e che il lavoro non accenna a diminuire. Spero che presto possa avere un giorno di vacanza. Quando lo vedo sembra sempre stanco. Mi raccomando, digli di riposare, okay?\n\nSpero che anche tu stia bene. So che lavorare all'estero è molto diverso e faticoso. Spero che il tuo capo ti dia abbastanza vacanze e giorni liberi. Sarebbe bellissimo se riusciste a tornare a casa entrambi.\n\nMark"
  },
  "5.8.mom_draft_8": {
    "subject": "fgadsf",
    "sender_name": "Maria B",
    "sender_email": "mariaborja20@email.com",
    "timestamp": 1402353780,
    "draft": true,
    "body": "Mamma\n\nTi prego dimmi solo che stai bene non so più cosa fare"
  },
  "5.8.mom_draft_9": {
    "subject": "sdfads",
    "sender_name": "Maria B",
    "sender_email": "mariaborja20@email.com",
    "timestamp": 1402833780,
    "draft": true,
    "body": "Ciao mamma,\n\nHo belle novità incredibili. Ridel ha avuto la sua grande occasione e sta per iniziare a girare il suo film. Non è fantastico? Io e Cat possiamo solo sperare che non diventi un pezzo grosso e finisca per dimenticarsi di noi.\n\nIeri sera noi due siamo rimasti svegli fino a tardi a giocare al nostro gioco di corse preferito. Non preoccuparti, ti assicuro che dormo abbastanza. Anzi, forse fin troppo. Sto iniziando a pensare che dovrei fare qualcosa di più produttivo con il mio tempo, come ha fatto Ridel con il suo film.\n\nDevi tornare a casa quando l'avrà finito, così potremo guardarlo insieme! Ci vorrà ancora un pezzo, quindi immagino che tu abbia tutto il tempo necessario per prepararti, vero? Sono sicuro che Ridel resterebbe commosso se sapesse che vuoi vederlo. Spero che possa tornare anche papà.\n\nNel frattempo, a scuola è tutto come sempre. Sai, sono davvero grato a te e a papà per tutto, ma a volte guardo che fine fanno le nostre rette (il cerone della preside) e mi chiedo se non sarebbe stato meglio usare quei soldi in un altro modo.\n\nSto scherzando. Ti assicuro che vado sempre alle lezioni. Non lavorare troppo, okay? \n\nMark"
  },
  "5.8.mom_draft_10": {
    "subject": "ciao",
    "sender_name": "Maria B",
    "sender_email": "mariaborja20@email.com",
    "timestamp": 1409754360,
    "draft": true,
    "body": "Cara mamma,\n\nQuest'anno ho deciso di provare a entrare nel club di pianoforte. Mi sto esercitando su Matrimonio a Troldhaugen di Grieg, e non faccio più schifo come in passato. Possiamo considerarlo un miglioramento, vero?\n\nSpero di riuscire a padroneggiare quel brano prima che torni a casa. Non sarà facile, ma darò tutto me stesso esercitandomi ogni giorno. Come facevi tu. Non mi fermerò finché non potrai ascoltarmi ed essere fiera di me!\n\nQuindi torna a casa presto, okay? Voglio proprio che tu mi senta. Ti prometto che non ti deluderò.\n\nMark"
  },
  "5.8.mom_draft_11": {
    "subject": "(nessun oggetto)",
    "sender_name": "Maria B",
    "sender_email": "mariaborja20@email.com",
    "timestamp": 1412122560,
    "draft": true,
    "body": "Ciao mamma,\n\nMi manchi. Mi manca sentirti.\n\nOrmai sono passati otto mesi. Non so che altro dire. Spero che, ovunque tu sia, ti stia prendendo cura di te. Chissà, forse stai suonando il pianoforte da qualche parte. Forse stai lavorando troppo. Sì, mi sembra più probabile. \n\nIo e papà continuiamo ad aspettarti, quindi non aver paura di scrivere, okay? Ti prometto che non siamo arrabbiati. Vogliamo solo avere tue notizie.\n\nMi manchi tanto, mamma.\n\nTi voglio bene,\nMark"
  },
  "5.8.mom_draft_12": {
    "subject": "audizione",
    "sender_name": "Maria B",
    "sender_email": "mariaborja20@email.com",
    "timestamp": 1420489920,
    "draft": true,
    "body": "Ciao mamma,\n\nOggi si sono tenute le audizioni per il club di pianoforte. Mi sono esercitato molto e credo di essermela cavata bene. Ho allegato un video della mia audizione, nel caso in cui volessi guardarlo.\n\nMi manchi\nMark"
  },
  "9.2b.1": {
    "subject": "Re: Ritorno a casa per Natale",
    "sender_name": "Paolo Borja",
    "sender_email": "paolo.borja.12@email.com",
    "timestamp": 1415936952,
    "body": "ciao figliolo.. sto cercando di tornare a casa per natale ma sembra un periodo pieno. spero possa tornare anche tua madre..fammi sapere se hai sue notizie, okay ?"
  },
  "9.3a.1": {
    "subject": "Re: Ritorno a casa per Natale",
    "sender_name": "Paolo Borja",
    "sender_email": "paolo.borja.12@email.com",
    "timestamp": 1415936952,
    "body": "mi dispiace figliolo.. c'è troppo lavoro e non posso tornare a casa. ti manderò il denaro per natale..assicurati solo di spenderlo per qualcosa di utile\n\nhai avuto notizie da tua madre? fammi sapere.. probabilmente ora è molto occupata anche lei."
  },
  "9.3a.2": {
    "subject": "Ha ricevuto 4.000 AED tramite FastRemit",
    "sender_name": "FastRemit",
    "sender_email": "no-reply@fastremit.com",
    "timestamp": 1415941380,
    "body": "[center][img=200]res://assets/pictures/ch1sc1a/fastremit_logo.png[/img][/center]\n\n[font=res://fonts/Raleway-Regular-16.tres]Gentile Mark Borja,\n\n[color=#6C8E3E][font=res://fonts/Raleway-Bold-16.tres]Ha ricevuto 4.000 AED da Paolo Borja tramite il servizio per rimesse internazionali FastRemit.[/font][/color]\n\nIl denaro è stato accreditato sul suo conto ed è pronto per l'uso. Può spendere, inviare o gestire il suo denaro con FastRemit.\n\n[font=res://fonts/Raleway-Bold-16.tres]Dettagli della transazione[/font]\n—————\n[font=res://fonts/Raleway-Bold-16.tres]Da:[/font] Paolo Borja\n[font=res://fonts/Raleway-Bold-16.tres]Importo ricevuto:[/font] 4.000,00 AED\n[font=res://fonts/Raleway-Bold-16.tres]Numero della transazione:[/font] #800327185\n\n[font=res://fonts/Raleway-Bold-16.tres]Messaggio dal mittente:[/font]\nmi spiace figliolo..\nbuon natale..\nio e tua madre ti vogliamo molto bene\n\n—————\nLa ringraziamo per aver usato il nostro servizio,\nLa squadra di Fast[color=#6C8E3E]Remit[/color]\n\n\n[center][font=res://fonts/Raleway-Regular-10.tres]Questa e-mail le è stata inviata da FastRemit. Utilizzando i nostri servizi, accetta i nostri termini contrattuali.\n\n© FastRemit 2014. Tutti i diritti riservati.[/font][/center][/font]"
  },
  "lo.4.1a.1": {
    "subject": "Re: Ritorno a casa per Natale",
    "sender_name": "Paolo Borja",
    "sender_email": "paolo.borja.12@email.com",
    "timestamp": 1415936952,
    "body": "ciao figliolo.. mi spiace farti aspettare, ma non ho ancora novità sul nostro ritorno a casa. qui la situazione continua a peggiorare. il terremoto ha causato un sacco di problemi.. abbiamo dovuto lavorare per riparare i danni, altrimenti qualcuno potrebbe farsi male.potrebbero volerci solo un paio di mesi\n\nnon so. se le cose si metteranno per il verso giusto ci vedremo. ci proveremo.. magari chiederò anche a tua madre quando mi risponderà\n\nspero che lì vada tutto bene. ti voglio bene figliolo."
  },
  "lo.4.1a.2": {
    "subject": "Ha ricevuto 3.000 AED tramite FastRemit",
    "sender_name": "FastRemit",
    "sender_email": "no-reply@fastremit.com",
    "timestamp": 1415941380,
    "body": "[center][img=200]res://assets/pictures/ch1sc1a/fastremit_logo.png[/img][/center]\n\n[font=res://fonts/Raleway-Regular-16.tres]Gentile Mark Borja,\n\n[color=#6C8E3E][font=res://fonts/Raleway-Bold-16.tres]Ha ricevuto 3.000 AED da Paolo Borja tramite il servizio per rimesse internazionali FastRemit.[/font][/color]\n\nIl denaro è stato accreditato sul suo conto ed è pronto per l'uso. Può spendere, inviare o gestire il suo denaro con FastRemit.\n\n[font=res://fonts/Raleway-Bold-16.tres]Dettagli della transazione[/font]\n—————\n[font=res://fonts/Raleway-Bold-16.tres]Da:[/font] Paolo Borja\n[font=res://fonts/Raleway-Bold-16.tres]Importo ricevuto:[/font] 3.000,00 AED\n[font=res://fonts/Raleway-Bold-16.tres]Numero della transazione:[/font] #800220531\n\n[font=res://fonts/Raleway-Bold-16.tres]Messaggio dal mittente:[/font]\nfigliolo, non dimenticare di far controllare i danni.. ti ho sempre detto che la manutenzione è molto, molto importante. tua madre non deve vedere la nostra casa in quello stato\n\n—————\nLa ringraziamo per aver usato il nostro servizio,\nLa squadra di Fast[color=#6C8E3E]Remit[/color]\n\n\n[center][font=res://fonts/Raleway-Regular-10.tres]Questa e-mail le è stata inviata da FastRemit. Utilizzando i nostri servizi, accetta i nostri termini contrattuali.\n\n© FastRemit 2014. Tutti i diritti riservati.[/font][/center][/font]"
  }
}
