{
  "1.1a.1": {
    "subject": "Statut de votre candidature à Virtuoso 23",
    "sender_name": "Erika Sanchez",
    "sender_email": "erika@virtuoso23.com.ph",
    "timestamp": 1415911631,
    "body": "Cher Mark Borja,\n\nNous vous remercions de l'intérêt que vous portez à [b]Virtuoso 23[/b]. Nous sommes au regret de vous annoncer qu'en raison de nos critères de sélection, votre candidature n'a pas été retenue.\n\nIl est rappelé à tous les candidats que nous ne pouvons sélectionner qu'un petit nombre de nouveaux membres, et que nous essayons de libérer de la place chaque année. Merci d'avoir pris le temps de soumettre votre dossier et votre candidature. Le comité de sélection est honoré par votre participation à notre programme.\n\nNous ouvrons nos portes à de talentueux pianistes chaque année, alors persévérez ! Nous vous souhaitons bonne chance dans votre passion en tant que musicien et pianiste !\n\nCordialement,\n[img=320]res://assets/pictures/ch1sc1a/erika_email_sign.png[/img]"
  },
  "1.1a.2": {
    "subject": "JEFF ZUCKI - OFFRE LIMITÉE [NOT SCAM]",
    "sender_name": "Jeff Zucki",
    "sender_email": "jeffzucki4222@email.com",
    "timestamp": 1415920643,
    "spam": true,
    "body": "Cher [b]Nom du client[/b],,\n\nJe suis Jeff Zucki,Philantrope fondateur et président du réseau social Nookface, ainsi que l'un des milliardaires les plus jeunes au monde, et le directeur de la Fondation Caritative Jeff Zucki, L'une des plus grandes fondations privées au monde. Pour moi, la richesse doit être partagée, Une idée n'a jamais quitté mon esprit : l'argent doit servir à aider les autres, et j'ai décidé d'offrir en secret [b]{$1,500,000,00}[/b] à des individus sélectionnés aléatoirement dans le monde entier. Si vous lisez cet e-mail, vous pouvez vous considérer comme l'un des heureux élus. Votre adresse a été sélectionnée aléatoirement parmi toutes celles de la base de données de mon réseau social. Merci d'y répondre dès que possible, afin que je sache que votre adresse e-mail est valide.([color=gray]jeffzucki4222@email.co[/color]m) Répondez-moi maintenant.\n\nMerci,\nSincèrement vôtre\n[b], JEF ZUCKI[/b]\n[color=gray]Président Fondateur Philantrope Nookface[/color]"
  },
  "1.1a.3": {
    "subject": "Re: Congés de Noël",
    "sender_name": "Paolo Borja",
    "sender_email": "paolo.borja.12@email.com",
    "timestamp": 1415936952,
    "body": "salut, fiston.. désolé de te faire attendre si longtemps, mais on n'a toujours aucune nouvelle au sujet de nos congés de noël. ici, la situation ne s'est pas arrangée. on a perdu l'un de nos électriciens à cause d'un sale accident. on risque de devoir travailler jusqu'à janvier pour réparer les dégâts et éviter que quelqu'un d'autre soit blessé..\n\ndonc, je sais pas trop. si les choses s'améliorent, on rentrera. on va faire de notre mieux... je poserai la question à ta mère dès qu'elle me contactera. dès qu'elle nous contactera.\n\nj'espère que tout se passe bien, à l'école. je t'aime. ."
  },
  "1.1a.4": {
    "subject": "Vous avez reçu 3000 AED par FastRemit",
    "sender_name": "FastRemit",
    "sender_email": "no-reply@fastremit.com",
    "timestamp": 1415941380,
    "body": "[center][img=200]res://assets/pictures/ch1sc1a/fastremit_logo.png[/img][/center]\n\n[font=res://fonts/Raleway-Regular-16.tres]Bonjour, Mark Borja,\n\n[color=#6C8E3E][font=res://fonts/Raleway-Bold-16.tres]Paolo Borja vous a envoyé un virement de 3000 AED via FastRemit International Remittance.[/font][/color]\n\nLe virement a été ajouté à votre compte et peut être utilisé. Vous pouvez dépenser, envoyer et gérer votre argent via FastRemit.\n\n[font=res://fonts/Raleway-Bold-16.tres]Détails de la transaction[/font]\n—————\n[font=res://fonts/Raleway-Bold-16.tres]De :[/font] Paolo Borja\n[font=res://fonts/Raleway-Bold-16.tres]Montant reçu :[/font] 3000,00 AED\n[font=res://fonts/Raleway-Bold-16.tres]Numéro du transfert :[/font] #800213946\n\n[font=res://fonts/Raleway-Bold-16.tres]Note de l'expéditeur :[/font]\nn'oublie pas de payer les factures, fiston.. demande aussi à mme aira de nettoyer la maison. au fait, c'est ton deuxième avertissement.. par pitié, arrête de tout dépenser dans tes jeux vidéo à la noix\n\n—————\nMerci d'utiliser notre service,\nL'équipe[color=#6C8E3E]FastRemit[/color].\n\n\n[center][font=res://fonts/Raleway-Regular-10.tres]Ce courrier vous a été envoyé par FastRemit. En utilisant nos services, vous consentez à nos conditions d'utilisation.\n\n© FastRemit 2014. Tous droits réservés.[/font][/center][/font]"
  },
  "4.3a.3": {
    "subject": "Re: Congés de Noël",
    "sender_name": "Paolo Borja",
    "sender_email": "paolo.borja.12@email.com",
    "timestamp": 1419315193,
    "body": "salut, fiston. je suis vraiment navré qu'on n'ait pas pu revenir pour noël, cette année. ici, le travail ralentit, mais on progresse.. on se rattrapera l'année prochaine, d'accord ?\n\npréviens-moi dès que ta mère te contacte. on t'aime, mark.joyeux noël,\n[img=320]res://assets/pictures/ch4sc3a/dadpic.png[/img]"
  },
  "5.1.1": {
    "subject": "Re: Congés de Noël",
    "sender_name": "Paolo Borja",
    "sender_email": "paolo.borja.12@email.com",
    "timestamp": 1420395545,
    "body": "bonne année, mark. c'est aujourd'hui, l'audition pour ton club, pas vrai ?\n\nbonne chance, fiston.. ta mère sera fière de toi. tu devrais lui envoyer une vidéo.. je suis sûre qu'elle serait ravie de te voir jouer.\ntu vas y arriver"
  },
  "5.1.2": {
    "subject": "Vous avez reçu 3000 AED par FastRemit",
    "sender_name": "FastRemit",
    "sender_email": "no-reply@fastremit.com",
    "timestamp": 1420397843,
    "body": "[center][img=200]res://assets/pictures/ch1sc1a/fastremit_logo.png[/img][/center]\n\n[font=res://fonts/Raleway-Regular-16.tres]Bonjour, Mark Borja,\n\n[color=#6C8E3E][font=res://fonts/Raleway-Bold-16.tres]Paolo Borja vous a envoyé un virement de 3000 AED via FastRemit International Remittance.[/font][/color]\n\nLe virement a été ajouté à votre compte et peut être utilisé. Vous pouvez dépenser, envoyer et gérer votre argent via FastRemit.\n\n[font=res://fonts/Raleway-Bold-16.tres]Détails de la transaction[/font]\n—————\n[font=res://fonts/Raleway-Bold-16.tres]De :[/font] Paolo Borja\n[font=res://fonts/Raleway-Bold-16.tres]Montant reçu :[/font] 3000,00 AED\n[font=res://fonts/Raleway-Bold-16.tres]Numéro du transfert :[/font] #800238704\n\n[font=res://fonts/Raleway-Bold-16.tres]Note de l'expéditeur :[/font]\népate-les, fiston\n\n—————\nMerci d'utiliser notre service,\nL'équipe[color=#6C8E3E]FastRemit[/color].\n\n\n[center][font=res://fonts/Raleway-Regular-10.tres]Ce courrier vous a été envoyé par FastRemit. En utilisant nos services, vous consentez à nos conditions d'utilisation.\n\n© FastRemit 2014. Tous droits réservés.[/font][/center][/font]"
  },
  "5.8.club_accepted": {
    "subject": "Résultat des auditions du LIPC",
    "sender_name": "Élise Manahan",
    "sender_email": "elisem09@email.com",
    "timestamp": 1420927200,
    "body": "Bonjour, Mark\n\nFélicitations ! Nous avons l'honneur de t'annoncer que ton audition nous a impressionnés, et que tu es officiellement invité à rejoindre le Liamson Integrated Piano Club. Beau travail : nous avons hâte de t'avoir parmi nous, et de t'entendre jouer à nouveau !\n\nBonne journée,\nÉlise Manahan\nPrésidente, LIPC 2de 2014-2015"
  },
  "5.8.mom_draft_audition_no_video": {
    "subject": "audition",
    "sender_name": "Maria B",
    "sender_email": "mariaborja20@email.com",
    "timestamp": 1420489920,
    "draft": true,
    "body": "Salut Maman,\n\nOn a passé les auditions pour le club de piano, aujourd'hui. Je m'étais bien entraîné, et je trouve que je m'en suis bien tiré. J'espère vraiment que je serai pris.\n\nTu me manques\nMark"
  },
  "5.8.mom_draft_audition": {
    "subject": "audition",
    "sender_name": "Maria B",
    "sender_email": "mariaborja20@email.com",
    "timestamp": 1420489920,
    "draft": true,
    "body": "Salut Maman,\n\nOn a passé les auditions pour le club de piano, aujourd'hui. Je m'étais bien entraîné, et je trouve que je m'en suis bien tiré. Je t'ai joint une vidéo de mon audition, juste au cas où tu voudrais la regarder.\n\nTu me manques\nMark",
    "attachments": [
      {
        "name": "VID_20150105_161438.mp4",
        "size": 113857249
      }
    ]
  },
  "5.8.mom_draft_0": {
    "subject": "des nouvelles",
    "sender_name": "Maria B",
    "sender_email": "mariaborja20@email.com",
    "timestamp": 1392192720,
    "draft": true,
    "body": "Maman,\n\nPapa et moi, on est très inquiets. Contacte-nous dès que tu pourras. On n'a toujours pas reçu de nouvelles de la compagnie aérienne. On les appelle tous les jours. Dis-nous juste que tu vas bien.\n\nMark"
  },
  "5.8.mom_draft_1": {
    "subject": "(aucun objet)",
    "sender_name": "Maria B",
    "sender_email": "mariaborja20@email.com",
    "timestamp": 1393018920,
    "draft": true,
    "body": "Maman, \n\nS'il te plaît, dis-nous que tu vas bien. Papa et moi, on a très peur pour toi. Réponds-nous vite."
  },
  "5.8.mom_draft_2": {
    "subject": "s'il te plaît",
    "sender_name": "Maria B",
    "sender_email": "mariaborja20@email.com",
    "timestamp": 1393604280,
    "draft": true,
    "body": "Maman,\n\nJe suis vraiment désolé. Je m'en veux tellement, reviens. Je n'ai jamais voulu que tu t'en ailles. Tu n'avais pas besoin de faire tout ça pour moi. Je suis désolé, je ne te demanderai plus jamais rien d'autre, reviens, je t'en supplie. Ne me laisse pas"
  },
  "5.8.mom_draft_3": {
    "subject": "e-mail suivi",
    "sender_name": "Maria B",
    "sender_email": "mariaborja20@email.com",
    "timestamp": 1394391720,
    "draft": true,
    "body": "Salut Maman, je t'envoie un autre e-mail suivi, donc tu n'as pas besoin de répondre si ce n'est pas possible, d'accord ? Si tu l'ouvres, je le saurai.\n\nTu me manques"
  },
  "5.8.mom_draft_4": {
    "subject": "(aucun objet)",
    "sender_name": "Maria B",
    "sender_email": "mariaborja20@email.com",
    "timestamp": 1395097980,
    "draft": true,
    "body": "Maman,\n\nC'est pas juste, c'est vraiment injuste. C'est la fin du monde et tu n'es pas là."
  },
  "5.8.mom_draft_5": {
    "subject": "qdsdff",
    "sender_name": "Maria B",
    "sender_email": "mariaborja20@email.com",
    "timestamp": 1398439920,
    "draft": true,
    "body": "Maman,\n\nSalut, comment ça va ? Papa et moi, on serait très soulagés si tu nous disais que tu vas bien. Je sais que t'es sûrement prise par le travail, mais avec ce qu'il se passe dans le monde et les séismes, on est très inquiets. Tiens-nous au courant, d'accord ?"
  },
  "5.8.mom_draft_6": {
    "subject": "désolé",
    "sender_name": "Maria B",
    "sender_email": "mariaborja20@email.com",
    "timestamp": 1398821460,
    "draft": true,
    "body": "Chère Maman,\n\nJe suis désolé. Je suis désolé pour tout. J'aimerais que toi et Papa ne soyez jamais partis. Je comprends pourquoi vous l'avez fait, et je vous en suis reconnaissant, mais ça n'en vaut pas la peine. Je n'en vaux pas la peine.\n\nJe n'arrive plus à manger, je n'arrive plus à dormir, je n'arrive plus à rien. Papa a perdu la tête. Tu nous manques terriblement. Pitié, dis-nous que tu vas bien. Reviens à la maison, Maman. Je te promets que je ne demanderai plus rien d'autre. Je travaillerai mieux à l'école. Je ferai ce que tu voudras.\n\nReviens, c'est tout ce que je veux.\nReviens, s'il te plaît."
  },
  "5.8.mom_draft_7": {
    "subject": "(aucun objet)",
    "sender_name": "Maria B",
    "sender_email": "mariaborja20@email.com",
    "timestamp": 1400354820,
    "draft": true,
    "body": "Chère Maman,\n\nJ'ai eu Papa au téléphone, aujourd'hui. Apparemment, il est surchargé de travail, et ça ne va faire qu'empirer. J'espère qu'il aura bientôt un jour de repos. Chaque fois que je le vois, il a l'air épuisé. Rappelle-lui de bien se ménager, d'accord ?\n\nJ'espère que tu vas bien, toi aussi. Je sais que travailler à l'étranger, c'est différent et éprouvant, et j'espère que ton patron te donne assez de pauses et de jours de repos. J'espère que vous pourrez bientôt revenir à la maison, tous les deux.\n\nMark"
  },
  "5.8.mom_draft_8": {
    "subject": "fgqdsf",
    "sender_name": "Maria B",
    "sender_email": "mariaborja20@email.com",
    "timestamp": 1402353780,
    "draft": true,
    "body": "Maman\n\nJe t'en supplie, dis-moi que tu vas bien, je ne sais plus quoi faire"
  },
  "5.8.mom_draft_9": {
    "subject": "sdfqds",
    "sender_name": "Maria B",
    "sender_email": "mariaborja20@email.com",
    "timestamp": 1402833780,
    "draft": true,
    "body": "Salut Maman,\n\nJ'ai de grandes nouvelles. Ridel a enfin percé, et il négocie pour commencer à tourner son propre film. C'est trop cool, tu trouves pas ? À ce stade, Cathy et moi, on espère simplement qu'il ne choppera pas la grosse tête et qu'il ne nous oubliera pas.\n\nHier soir, elle est venue à la maison, et on a passé la nuit à jouer à notre jeu de course préféré. Ne t'inquiète pas, je te promets que je dors assez. Peut-être trop, même. Je pense que je devrais commencer à faire quelque chose de productif de mon temps, comme Ridel avec son film.\n\nTu devrais rentrer quand il aura fini : on  le regardera ensemble ! Ce ne sera pas pour tout de suite, donc tu auras le temps de t'y préparer, non ? Je suis sûr que Ridel sera super touché si tu étais là. J'espère que Papa pourra aussi rentrer.\n\nCôté école, c'est comme d'habitude. Tu sais, je vous suis reconnaissant, Papa et toi, pour tout ce que vous faites, mais quand je vois où l'argent de ma scolarité va (dans le maquillage pourri de la dirlo), je me demande si l'argent ne devrait pas aller ailleurs.\n\nJe rigole. Je vais toujours en cours, promis. Ne te surmène pas trop, d'accord ? \n\nMark"
  },
  "5.8.mom_draft_10": {
    "subject": "salut",
    "sender_name": "Maria B",
    "sender_email": "mariaborja20@email.com",
    "timestamp": 1409754360,
    "draft": true,
    "body": "Chère Maman,\n\nCette année, j'ai décidé d'essayer de m'inscrire au club de piano. Je m'entraîne à jouer le Jour de noces de Grieg, et franchement, je suis pas aussi nase qu'avant. C'est déjà bien, non ?\n\nJ'espère que je l'aurai maîtrisé quand tu reviendras. Pour l'instant, c'est pas gagné, mais je vais tout donner, et je vais m'entraîner tous les jours. Comme toi, en fait. Je ne m'arrêterai que lorsque tu auras entendu une représentation dont tu pourras être fière !\n\nAlors rentre vite, d'accord ? J'ai vraiment envie de te montrer ça. Je te promets que je te décevrai pas.\n\nMark"
  },
  "5.8.mom_draft_11": {
    "subject": "(aucun objet)",
    "sender_name": "Maria B",
    "sender_email": "mariaborja20@email.com",
    "timestamp": 1412122560,
    "draft": true,
    "body": "Salut Maman,\n\nTu me manques, et ça me manque, d'avoir de tes nouvelles.\n\nÇa fait huit mois, aujourd'hui. Je ne sais pas trop quoi dire d'autre. J'espère que tu prends soin de toi, où que tu sois. Peut-être que, quelque part, tu joues du piano. Ou peut-être que tu travailles encore trop dur. Ouais, c'est sûrement le cas. \n\nPapa et moi, on t'attend encore, alors n'hésite pas à nous contacter, d'accord ? On n'est pas en colère, c'est promis. On veut juste de tes nouvelles.\n\nTu me manques terriblement, Maman.\n\nJe t'aime,\nMark"
  },
  "5.8.mom_draft_12": {
    "subject": "audition",
    "sender_name": "Maria B",
    "sender_email": "mariaborja20@email.com",
    "timestamp": 1420489920,
    "draft": true,
    "body": "Salut Maman,\n\nOn a passé les auditions pour le club de piano, aujourd'hui. Je m'étais bien entraîné, et je trouve que je m'en suis bien tiré. Je t'ai joint une vidéo de mon audition, juste au cas où tu voudrais la regarder.\n\nTu me manques\nMark"
  },
  "9.2b.1": {
    "subject": "Re: Congés de Noël",
    "sender_name": "Paolo Borja",
    "sender_email": "paolo.borja.12@email.com",
    "timestamp": 1415936952,
    "body": "salut, fiston.. j'essaye de rentrer pour noël, mais ça s'annonce compliqué. j'espère que ta mère pourra rentrer, elle aussi.. préviens-moi si elle te donne de ses nouvelles, d'accord ?"
  },
  "9.3a.1": {
    "subject": "Re: Congés de Noël",
    "sender_name": "Paolo Borja",
    "sender_email": "paolo.borja.12@email.com",
    "timestamp": 1415936952,
    "body": "désolé, fiston.. notre emploi du temps est trop chargé, et je ne pourrai pas rentrer. je t'enverrai de l'argent pour noël.. assure-toi juste de le dépenser pour quelque chose d'utile\n\ntu as des nouvelles de ta mère ? laisse-moi deviner.. elle aussi, elle est sûrement très occupée."
  },
  "9.3a.2": {
    "subject": "Vous avez reçu 4000 AED par FastRemit",
    "sender_name": "FastRemit",
    "sender_email": "no-reply@fastremit.com",
    "timestamp": 1415941380,
    "body": "[center][img=200]res://assets/pictures/ch1sc1a/fastremit_logo.png[/img][/center]\n\n[font=res://fonts/Raleway-Regular-16.tres]Bonjour, Mark Borja,\n\n[color=#6C8E3E][font=res://fonts/Raleway-Bold-16.tres]Paolo Borja vous a envoyé un virement de 4000 AED via FastRemit International Remittance.[/font][/color]\n\nLe virement a été ajouté à votre compte et peut être utilisé. Vous pouvez dépenser, envoyer et gérer votre argent via FastRemit.\n\n[font=res://fonts/Raleway-Bold-16.tres]Détails de la transaction[/font]\n—————\n[font=res://fonts/Raleway-Bold-16.tres]De :[/font] Paolo Borja\n[font=res://fonts/Raleway-Bold-16.tres]Montant reçu :[/font] 4000,00 AED\n[font=res://fonts/Raleway-Bold-16.tres]Numéro du transfert :[/font] #800327185\n\n[font=res://fonts/Raleway-Bold-16.tres]Note de l'expéditeur :[/font]\ndésolé, fiston..\njoyeux noël..\non t'aime, ta mère et moi\n\n—————\nMerci d'utiliser notre service,\nL'équipe[color=#6C8E3E]FastRemit[/color].\n\n\n[center][font=res://fonts/Raleway-Regular-10.tres]Ce courrier vous a été envoyé par FastRemit. En utilisant nos services, vous consentez à nos conditions d'utilisation.\n\n© FastRemit 2014. Tous droits réservés.[/font][/center][/font]"
  },
  "lo.4.1a.1": {
    "subject": "Re: Congés de Noël",
    "sender_name": "Paolo Borja",
    "sender_email": "paolo.borja.12@email.com",
    "timestamp": 1415936952,
    "body": "salut, fiston.. désolé de te faire attendre si longtemps, mais on n'a toujours aucune nouvelle au sujet de nos congés. ici, la situation empire. le séisme n'a fait qu'aggraver les choses.. on doit travailler pour réparer les dégâts et éviter que quelqu'un d'autre soit blessé.. peut-être que ça ne prendra que quelques mois.\n\ndonc, je sais pas trop. si les choses s'améliorent, on rentrera. on va faire de notre mieux... je poserai la question à ta mère dès qu'elle me contactera, peut-être.\n\nj'espère que tout se passe bien, à la maison. je t'aime, fiston. ."
  },
  "lo.4.1a.2": {
    "subject": "Vous avez reçu 3000 AED par FastRemit",
    "sender_name": "FastRemit",
    "sender_email": "no-reply@fastremit.com",
    "timestamp": 1415941380,
    "body": "[center][img=200]res://assets/pictures/ch1sc1a/fastremit_logo.png[/img][/center]\n\n[font=res://fonts/Raleway-Regular-16.tres]Bonjour, Mark Borja,\n\n[color=#6C8E3E][font=res://fonts/Raleway-Bold-16.tres]Paolo Borja vous a envoyé un virement de 3000 AED via FastRemit International Remittance.[/font][/color]\n\nLe virement a été ajouté à votre compte et peut être utilisé. Vous pouvez dépenser, envoyer et gérer votre argent via FastRemit.\n\n[font=res://fonts/Raleway-Bold-16.tres]Détails de la transaction[/font]\n—————\n[font=res://fonts/Raleway-Bold-16.tres]De :[/font] Paolo Borja\n[font=res://fonts/Raleway-Bold-16.tres]Montant reçu :[/font] 3000,00 AED\n[font=res://fonts/Raleway-Bold-16.tres]Numéro du transfert :[/font] #800220531\n\n[font=res://fonts/Raleway-Bold-16.tres]Note de l'expéditeur :[/font]\nfiston, n'oublie pas de refaire évaluer les dégâts.. je t'ai dit que la maintenance était très très importante. ta mère ne serait pas contente de voir notre maison dans cet état\n\n—————\nMerci d'utiliser notre service,\nL'équipe[color=#6C8E3E]FastRemit[/color].\n\n\n[center][font=res://fonts/Raleway-Regular-10.tres]Ce courrier vous a été envoyé par FastRemit. En utilisant nos services, vous consentez à nos conditions d'utilisation.\n\n© FastRemit 2014. Tous droits réservés.[/font][/center][/font]"
  }
}
