﻿{
  "1.1a.1": {
    "subject": "ヴィルトゥオーソ23 申込み結果",
    "sender_name": "エリカ・サンチェス",
    "sender_email": "erika@virtuoso23.com.ph",
    "timestamp": 1415911631,
    "body": "マーク・ボルハ様\n\n[b]ヴィルトゥオーソ23[/b]への参加に興味をお持ちいただき、ありがとうございます。お申込み書類を拝見した結果、これ以降の選考課程の対象への選定に至りませんでしたことをお知らせいたします。\n\n応募者の方々には、毎年新たなメンバーを受け入れるため、選定されるメンバーは数名のみとなりますことをご了承ください。応募書類およびその他の必要事項の準備にお時間をさいてくださり、ありがとうございました。選定委員会は、当プログラムにご参加くださったことに感謝いたします。\n\n私たちは毎年、才能を持つピアニストたちに門戸を開いています。練習を続けてください！音楽家として、そしてピアニストとして、情熱を持って成功されることをお祈りしています！\n\n敬具\n[img=320]res://assets/pictures/ch1sc1a/erika_email_sign.png[/img]"
  },
  "1.1a.2": {
    "subject": "ジェフ・ズッキの1回限りのオファー[詐欺ではありません]",
    "sender_name": "ジェフ・ズッキ",
    "sender_email": "jeffzucki4222@email.com",
    "timestamp": 1415920643,
    "spam": true,
    "body": "[b]お客様[/b]各位、\n\n私はソーシャルネットワークサイトNookfaceの創設者兼CEOであり、世界最年少の億万長者の一人にして世界最大の個人財団ジェフ・ズッキチャリティ財団の会長を務める次善家、ジェフ・ズッキです。私は「与えるべき人生」を強く信じており、その考えは決して変わることがありません。それは、富は人々を助けるために使うべきであるということです。そしてこのたび、抽選で選ばれた世界中の個人に[b]{$1,500,000,00}[/b]をひそかに贈ることにしました。このメールを受け取ったあなたは、その幸運な一人です。あなたのメールアドレスは、私のソーシャルネットワークデータベースの中からランダムに選ばれました。このメールアドレスが有効であることを確認できるよう、できるだけ早くご返信ください。([color=gray]jeffzucki4222@email.co[/color]m) 今すぐメールしてください。\n\nよろしくお願いします。\n敬具\n[b]ジェフ・ズッキ[/b]\n[color=gray]NookfaceのCEO創設者慈善家[/color]"
  },
  "1.1a.3": {
    "subject": "Re: クリスマスの帰省",
    "sender_name": "パオロ・ボルハ",
    "sender_email": "paolo.borja.12@email.com",
    "timestamp": 1415936952,
    "body": "やあマーク。長く待たせてすまないが、私の帰省予定については変更なしだ。こちらはどうしょうもない状況なんだ。電気技師の一人が事故で感電死してしまった。その損傷を修復するために、年明けまでずっと仕事しなければならないかもしれない。でないとまた負傷者がでかねない。。\n\nいまは分からない。状況が上向いたら会えるかもしれない。頑張ってみるよ。。母さんが私に、私たちに連絡をくれるかどうかもたずねてみる\n\n学校でちゃんとやってることをいのってる。げんきでな。。"
  },
  "1.1a.4": {
    "subject": "FastRemit経由で3,000 AED受け取りました",
    "sender_name": "FastRemit",
    "sender_email": "no-reply@fastremit.com",
    "timestamp": 1415941380,
    "body": "[center][img=200]res://assets/pictures/ch1sc1a/fastremit_logo.png[/img][/center]\n\n[font=res://fonts/Raleway-Regular-16.tres]マーク・ボルハさん、こんにちは。\n\n[color=#6C8E3E][font=res://fonts/Raleway-Bold-16.tres]あなたはパオロ・ボルハさんから、FastRemit International Remittance経由で3,000 AEDを受け取りました。[/font][/color]\n\nこれは既に口座に入金されており、すぐに使うことができます。FastRemitで、消費、送金、管理を行うことが可能です。\n\n[font=res://fonts/Raleway-Bold-16.tres]お取引明細[/font]\n—————\n[font=res://fonts/Raleway-Bold-16.tres]入金元：[/font] パオロ・ボルハ\n[font=res://fonts/Raleway-Bold-16.tres]受取金額：[/font] 3,000.00 AED\n[font=res://fonts/Raleway-Bold-16.tres]お取引番号：[/font] #800213946\n\n[font=res://fonts/Raleway-Bold-16.tres]送金者からのメッセージ[/font]\n請求書の支払いを忘れないでくれ。。アイラさんにいえの掃除もたのんで。それから2回目の警告だが。。神様への愛にかけて意味のないゲームにこのおかねをつかうな\n\n—————\n当サービスのご利用ありがとうございます。\nFast[color=#6C8E3E]Remit[/color]チーム\n\n\n[center][font=res://fonts/Raleway-Regular-10.tres]このメールはFastRemitによって送信されました。当サービスをご利用になることにより、お客様は当社のカスタマー契約に同意されたことになります。\n\n© FastRemit 2014. 著作権所有。[/font][/center][/font]"
  },
  "4.3a.3": {
    "subject": "Re: クリスマスの帰省",
    "sender_name": "パオロ・ボルハ",
    "sender_email": "paolo.borja.12@email.com",
    "timestamp": 1419315193,
    "body": "マーク。。ことし帰れなくてほんとうにすまない。仕事のシンチョクはゆっくりだが進んではいる。。来年はうめあわせをするからな。\n\n母さんから連絡があったらおしえてくれ。元気でな。メリークリスマス。\n[img=320]res://assets/pictures/ch4sc3a/dadpic.png[/img]"
  },
  "5.1.1": {
    "subject": "Re: クリスマスの帰省",
    "sender_name": "パオロ・ボルハ",
    "sender_email": "paolo.borja.12@email.com",
    "timestamp": 1420395545,
    "body": "マークあけましておめでとう。今日はクラブのオーディションだろ？\n\nがんばれよ。。かあさんにほめてもらえるようにな。かあさんに動画を送るといいんじゃないかな。。おまえがピアノひいてるのを見たらきっと喜ぶと思う。\nおまえなら大丈夫だ"
  },
  "5.1.2": {
    "subject": "FastRemit経由で3,000 AED受け取りました",
    "sender_name": "FastRemit",
    "sender_email": "no-reply@fastremit.com",
    "timestamp": 1420397843,
    "body": "[center][img=200]res://assets/pictures/ch1sc1a/fastremit_logo.png[/img][/center]\n\n[font=res://fonts/Raleway-Regular-16.tres]マーク・ボルハさん、こんにちは。\n\n[color=#6C8E3E][font=res://fonts/Raleway-Bold-16.tres]あなたはパオロ・ボルハさんから、FastRemit International Remittance経由で3,000 AEDを受け取りました。[/font][/color]\n\nこれは既に口座に入金されており、すぐに使うことができます。FastRemitで、消費、送金、管理を行うことが可能です。\n\n[font=res://fonts/Raleway-Bold-16.tres]お取引明細[/font]\n—————\n[font=res://fonts/Raleway-Bold-16.tres]入金元：[/font] パオロ・ボルハ\n[font=res://fonts/Raleway-Bold-16.tres]受取金額：[/font] 3,000.00 AED\n[font=res://fonts/Raleway-Bold-16.tres]お取引番号：[/font] #800238704\n\n[font=res://fonts/Raleway-Bold-16.tres]送金者からのメッセージ[/font]\nほかのやつらを叩き潰せマーク\n\n—————\n当サービスのご利用ありがとうございます。\nFast[color=#6C8E3E]Remit[/color]チーム\n\n\n[center][font=res://fonts/Raleway-Regular-10.tres]このメールはFastRemitによって送信されました。当サービスをご利用になることにより、お客様は当社のカスタマー契約に同意されたことになります。\n\n© FastRemit 2014. 著作権所有。[/font][/center][/font]"
  },
  "5.8.club_accepted": {
    "subject": "LIPCオーディション結果",
    "sender_name": "エリーゼ・マナハン",
    "sender_email": "elisem09@email.com",
    "timestamp": 1420927200,
    "body": "マーク、こんにちは。\n\nおめでとうございます！私たちはあなたのオーディションに感銘を受け、正式にリアムソン統合学校ピアノクラブに迎えることに決定しました。お見事です。あなたがクラブの一員となり、その演奏をもっと聴けることを楽しみにしています！\n\n敬具\nエリーゼ・マナハン\nLIPC12年会長、2014-2015"
  },
  "5.8.mom_draft_audition_no_video": {
    "subject": "オーディション",
    "sender_name": "マリア・B",
    "sender_email": "mariaborja20@email.com",
    "timestamp": 1420489920,
    "draft": true,
    "body": "母さん、\n\n今日、ピアノクラブのオーディションがあったんだ。この日に向けてすごく一生懸命練習したし、うまくやれたと思う。本当にクラブに入りたいと思ってる。\n\n会いたいよ\nマーク"
  },
  "5.8.mom_draft_audition": {
    "subject": "オーディション",
    "sender_name": "マリア・B",
    "sender_email": "mariaborja20@email.com",
    "timestamp": 1420489920,
    "draft": true,
    "body": "母さん、\n\n今日、ピアノクラブのオーディションがあったんだ。この日に向けてすごく一生懸命練習したし、うまくやれたと思う。オーディションの演奏の動画を添付するよ。見たいと思った時のために。\n\n会いたいよ\nマーク",
    "attachments": [
      {
        "name": "VID_20150105_161438.mp4",
        "size": 113857249
      }
    ]
  },
  "5.8.mom_draft_0": {
    "subject": "新しい情報",
    "sender_name": "マリア・B",
    "sender_email": "mariaborja20@email.com",
    "timestamp": 1392192720,
    "draft": true,
    "body": "母さん、\n\n父さんも僕もすごく心配してる。連絡できるようになったらすぐ連絡して。航空会社からはまだ、新しい情報は全然ない。毎日電話してるよ。とにかく無事だって知らせてほしい。\n\nマーク"
  },
  "5.8.mom_draft_1": {
    "subject": "（件名なし）",
    "sender_name": "マリア・B",
    "sender_email": "mariaborja20@email.com",
    "timestamp": 1393018920,
    "draft": true,
    "body": "母さん、\n\n僕と父さんに、無事だって知らせてほしい。本当に怖くてたまらないんだ。頼むからできるだけ早く返事して"
  },
  "5.8.mom_draft_2": {
    "subject": "お願い",
    "sender_name": "マリア・B",
    "sender_email": "mariaborja20@email.com",
    "timestamp": 1393604280,
    "draft": true,
    "body": "母さん、\n\n本当にごめん。本当にごめんなさい。お願いだから帰ってきて。最初から、家を出て行ってほしくなかった。僕のためにそんなことする必要なかったのに。本当にごめんなさいもう二度と何もお願いしないただ帰ってきてほしいお願いだから僕を見捨てないで"
  },
  "5.8.mom_draft_3": {
    "subject": "開封確認メール",
    "sender_name": "マリア・B",
    "sender_email": "mariaborja20@email.com",
    "timestamp": 1394391720,
    "draft": true,
    "body": "母さん、また開封確認メールを送るよ。だから、無理だったら返信しなくていいんだ。読んだらこっちにわかるからね。\n\n会いたいよ"
  },
  "5.8.mom_draft_4": {
    "subject": "（件名なし）",
    "sender_name": "マリア・B",
    "sender_email": "mariaborja20@email.com",
    "timestamp": 1395097980,
    "draft": true,
    "body": "母さん、\n\nこんなの不公平だよ何もかも不公平だ世界が終わりかけてるのに母さんはここにいない"
  },
  "5.8.mom_draft_5": {
    "subject": "ああああ",
    "sender_name": "マリア・B",
    "sender_email": "mariaborja20@email.com",
    "timestamp": 1398439920,
    "draft": true,
    "body": "母さん、\n\n調子どう？元気だって教えてくれたら、僕も父さんもものすごく安心するよ。たぶん仕事が忙しいだけなんだと思うけど、ニュースを聞いて僕たちすごく心配してるんだ。それにあっちこっちで地震があって、ほかにも大変なことになってるし。とにかく連絡して、ね？"
  },
  "5.8.mom_draft_6": {
    "subject": "ごめん",
    "sender_name": "マリア・B",
    "sender_email": "mariaborja20@email.com",
    "timestamp": 1398821460,
    "draft": true,
    "body": "お母さん、\n\nごめんなさい。なにもかもごめんなさい。お母さんとお父さんが家を出て行かなかったら良かったのに。理由はわかってるし、感謝もしてる。でもそんな値打ちないよ。僕にそんな値打ちないよ。\n\n食べることも寝ることもできないし、何もできない。父さんはヒステリーになってる。僕たち、本当に母さんに会いたい。無事だって知らせてください。家に帰ってきてください。二度と何もお願いしない。学校の勉強をもっとがんばる。何でもする。\n\nお願いだから帰ってきて。\n帰ってきてください。"
  },
  "5.8.mom_draft_7": {
    "subject": "（件名なし）",
    "sender_name": "マリア・B",
    "sender_email": "mariaborja20@email.com",
    "timestamp": 1400354820,
    "draft": true,
    "body": "お母さん、\n\n今日、父さんと電話で話ができたよ。父さんの仕事はすごく忙しいらしい。しかもますます忙しくなりそうみたい。早く休みがあるといいけど。顔を見るといつも疲れた感じなんだ。たくさん休んで、って言ってあげてよね？\n\n母さんも元気でやってるといいけど。外国で働くって全然違うし、大変だと思うんだ。雇い主が十分な休憩と休みの日をくれるといいんだけど。二人ともが家に帰ってこられたら、すごくすてきだと思う。\n\nマーク"
  },
  "5.8.mom_draft_8": {
    "subject": "いいいい",
    "sender_name": "マリア・B",
    "sender_email": "mariaborja20@email.com",
    "timestamp": 1402353780,
    "draft": true,
    "body": "母さん\n\n頼むから元気だって知らせてもうどうしたらいいのかわからない"
  },
  "5.8.mom_draft_9": {
    "subject": "うううう",
    "sender_name": "マリア・B",
    "sender_email": "mariaborja20@email.com",
    "timestamp": 1402833780,
    "draft": true,
    "body": "母さん、\n\n大ニュースだよ。リデルがすごいチャンスをつかんで、自分の映画を撮り始める交渉に入ってるんだ。すごいと思わない？キャシーと俺は今、あいつが思いあがって俺たちのことを忘れたりしないでほしい、とだけ思ってるよ。\n\nゆうべは二人で夜更かしして、いつものレースゲームをやってたんだ。睡眠はまちがいなく十分にとってるから心配しないで。十分すぎるぐらいかもね。リデルと映画みたいに、自分でも何か生産的なことをした方がいいんじゃないかと思い始めてる。\n\n映画が完成したら、帰ってきて自分の目で見られるよ！まだまだ先の話だから、準備の時間はたっぷりあるよね？母さんが見たいって言ったら、リデルは大感激すると思うよ。父さんも帰ってこられるといいな。\n\n学校の方は、すごくあいかわらず。母さんにも父さんにも、何もかもすごく感謝してるんだけど、ときどき、授業料の使われた場所（校長先生の厚化粧）を見て、あのお金、ほかのところに使えたんじゃないかなって思うんだ。\n\nいやいや冗談。授業にはちゃんと出てるよ。あんまり働きすぎないようにしてね？\n\nマーク"
  },
  "5.8.mom_draft_10": {
    "subject": "やあ",
    "sender_name": "マリア・B",
    "sender_email": "mariaborja20@email.com",
    "timestamp": 1409754360,
    "draft": true,
    "body": "お母さん、\n\n今年、ピアノクラブに入ってみようかと思うんだ。グリーグの「婚礼の日」をずっと練習してたんだけど、完全に、前よりちょっとだけ酷さが減ったよ。これって進歩だよね？\n\n母さんが帰ってくる前にマスターしたいと思ってるんだ。ちょっと不確実だけど、毎日の練習に、血と汗と涙を注ぎ込むから。母さんがやってたみたいにね。母さんに褒めてもらえるような演奏ができるまでやめないよ！\n\nだから、早く帰ってきてね？本当に母さんに見てほしいんだ。がっかりさせないって約束するよ。\n\nマーク"
  },
  "5.8.mom_draft_11": {
    "subject": "（件名なし）",
    "sender_name": "マリア・B",
    "sender_email": "mariaborja20@email.com",
    "timestamp": 1412122560,
    "draft": true,
    "body": "母さん、\n\n寂しいよ。母さんから連絡がなくて。\n\nもう8か月になる。それ以外になんて言えばいいのかわからない。どこにいるにしても、ちゃんと元気にしてくれてるといいんだけど。どこかでピアノを弾いてるかもしれないね。今も働きすぎてるかもしれない。きっとそうだ。\n\n父さんも俺も、いつも母さんを待ってる。だから心配しないで連絡してきて。絶対に怒ったりしてないから。ただ、母さんからの返事を待ってるだけなんだ。\n\n本当に会いたいんだ、母さん。\n\n大好きだよ。\nマーク"
  },
  "5.8.mom_draft_12": {
    "subject": "オーディション",
    "sender_name": "マリア・B",
    "sender_email": "mariaborja20@email.com",
    "timestamp": 1420489920,
    "draft": true,
    "body": "母さん、\n\n今日、ピアノクラブのオーディションがあったんだ。この日に向けてすごく一生懸命練習したし、うまくやれたと思う。オーディションの演奏の動画を添付するよ。見たいと思った時のために。\n\n会いたいよ\nマーク"
  },
  "9.2b.1": {
    "subject": "Re: クリスマスの帰省",
    "sender_name": "パオロ・ボルハ",
    "sender_email": "paolo.borja.12@email.com",
    "timestamp": 1415936952,
    "body": "やあマーク。。クリスマスに帰ろうと思ってたんだが、忙しそうなんだ。母さんも帰ってきてくれるといいんだけど。。母さんから連絡があったら教えてくれよ ？"
  },
  "9.3a.1": {
    "subject": "Re: クリスマスの帰省",
    "sender_name": "パオロ・ボルハ",
    "sender_email": "paolo.borja.12@email.com",
    "timestamp": 1415936952,
    "body": "マーク、すまない。。仕事がものすごく忙しくて、帰れそうにない。クリスマスのお金を送るよ。。役に立つものに使ってくれよな\n\n母さんから連絡はあったか？教えてくれ。。今は母さんもすごく忙しいんだろうな。"
  },
  "9.3a.2": {
    "subject": "FastRemit経由で4,000 AED受け取りました",
    "sender_name": "FastRemit",
    "sender_email": "no-reply@fastremit.com",
    "timestamp": 1415941380,
    "body": "[center][img=200]res://assets/pictures/ch1sc1a/fastremit_logo.png[/img][/center]\n\n[font=res://fonts/Raleway-Regular-16.tres]マーク・ボルハさん、こんにちは。\n\n[color=#6C8E3E][font=res://fonts/Raleway-Bold-16.tres]あなたはパオロ・ボルハさんから、FastRemit International Remittance経由で4,000 AEDを受け取りました。[/font][/color]\n\nこれは既に口座に入金されており、すぐに使うことができます。FastRemitで、消費、送金、管理を行うことが可能です。\n\n[font=res://fonts/Raleway-Bold-16.tres]お取引明細[/font]\n—————\n[font=res://fonts/Raleway-Bold-16.tres]入金元：[/font] パオロ・ボルハ\n[font=res://fonts/Raleway-Bold-16.tres]受取金額：[/font] 4,000.00 AED\n[font=res://fonts/Raleway-Bold-16.tres]お取引番号：[/font] #800327185\n\n[font=res://fonts/Raleway-Bold-16.tres]送金者からのメッセージ[/font]\nすまないマーク。。\nメリークリスマス。。\n母さんも私もおまえのことを思ってるよ\n\n—————\n当サービスのご利用ありがとうございます。\nFast[color=#6C8E3E]Remit[/color]チーム\n\n\n[center][font=res://fonts/Raleway-Regular-10.tres]このメールはFastRemitによって送信されました。当サービスをご利用になることにより、お客様は当社のカスタマー契約に同意されたことになります。\n\n© FastRemit 2014. 著作権所有。[/font][/center][/font]"
  },
  "lo.4.1a.1": {
    "subject": "Re: クリスマスの帰省",
    "sender_name": "パオロ・ボルハ",
    "sender_email": "paolo.borja.12@email.com",
    "timestamp": 1415936952,
    "body": "やあマーク。長く待たせてすまないが、私の帰省予定については変更なしだ。こちらの状況は悪化している。地震のせいで何もかもがひどいありさまだ。。仕事をして、損傷を修復するように要請された。でないとまた負傷者が出る。たぶん2、3か月のことだろうが\n\nいまは分からない。状況が上向いたら会えるだろう。頑張ってみるよ。。母さんにもきいてみるよ。返事をくれたときに\n\nそちらでちゃんとやってることをいのってる。元気でな。"
  },
  "lo.4.1a.2": {
    "subject": "FastRemit経由で3,000 AED受け取りました",
    "sender_name": "FastRemit",
    "sender_email": "no-reply@fastremit.com",
    "timestamp": 1415941380,
    "body": "[center][img=200]res://assets/pictures/ch1sc1a/fastremit_logo.png[/img][/center]\n\n[font=res://fonts/Raleway-Regular-16.tres]マーク・ボルハさん、こんにちは。\n\n[color=#6C8E3E][font=res://fonts/Raleway-Bold-16.tres]あなたはパオロ・ボルハさんから、FastRemit International Remittance経由で3,000 AEDを受け取りました。[/font][/color]\n\nこれは既に口座に入金されており、すぐに使うことができます。FastRemitで、消費、送金、管理を行うことが可能です。\n\n[font=res://fonts/Raleway-Bold-16.tres]お取引明細[/font]\n—————\n[font=res://fonts/Raleway-Bold-16.tres]入金元：[/font] パオロ・ボルハ\n[font=res://fonts/Raleway-Bold-16.tres]受取金額：[/font] 3,000.00 AED\n[font=res://fonts/Raleway-Bold-16.tres]お取引番号：[/font] #800220531\n\n[font=res://fonts/Raleway-Bold-16.tres]送金者からのメッセージ[/font]\nマーク、壊れたところをもう一度チェックするのを忘れずに。。言ったようにメンテナンスはすごくすごく大事なんだ。母さんは家がそんな状態なのを見たくないだろうし\n\n—————\n当サービスのご利用ありがとうございます。\nFast[color=#6C8E3E]Remit[/color]チーム\n\n\n[center][font=res://fonts/Raleway-Regular-10.tres]このメールはFastRemitによって送信されました。当サービスをご利用になることにより、お客様は当社のカスタマー契約に同意されたことになります。\n\n© FastRemit 2014. 著作権所有。[/font][/center][/font]"
  }
}
