﻿{
  "posts": {
    "8k68gksm": {
      "subgeddit": "AskGeddit",
      "title": "長く続くすごく強いデジャヴを感じるのって普通？",
      "message": "これまでにデジャヴは何回も感じたことがあるけど、最近はそれが強くなって、20秒ぐらいも続く。パニック発作を起こして、もうどんなこともマトモにできなくなるんじゃないかと思うぐらい。こんな風に感じたことある人いる？誰かこれの説明つけられる？",
      "username": "BoyaTheDemon",
      "unix_time": 1415689025,
      "up_vote": 73,
      "replies": {
        "reply_to_post_1_1": {
          "username": "amongoose61518",
          "message": "言ってるのはたぶん、いわゆるデジャヴェクのことだと思う。最近自分に起きたときに知ったんだけど。まるで、その出来事を最初から最後までそっくり経験した、と確信するみたいな感じだ。その30秒ほどの間には、次に何が起きるか完全に予告までできた。",
          "unix_time": 1415692985,
          "up_vote": 10,
          "replies": {
            "reply_to_post_1_1_1": {
              "username": "BoyaTheDemon",
              "message": "うん、すごく怖かった。今も、どういうことなのか説明をつけようとしてる。医者に行こうかと思ってる。不安障害の検査を受けるとかしに。",
              "up_vote": 2,
              "unix_time": 1415696580,
              "replies": {
                "reply_to_post_1_1_1_1": {
                  "username": "mechatentacles",
                  "message": "医者がなんて言ったか、あとで教えてくれる？自分も、不安かそれ以外の障害の形じゃないかって心配なんだ。",
                  "unix_time": 1416542580
                }
              }
            },
            "reply_to_post_1_1_2": {
              "username": "HiImNewHere323232",
              "message": "そいつはおかしい。自分もデジャブは感じたことあるけど、そんな長くない。パラノイアの症状とかじゃない？",
              "unix_time": 1415768580,
              "up_vote": 2,
              "replies": {
                "reply_to_post_1_1_2_1": {
                  "username": "BoyaTheDemon",
                  "message": "デジャブがパラノイアの原因なのか、パラノイアがデジャブの原因なのか、どっち？？",
                  "unix_time": 1415858580,
                  "up_vote": 4
                }
              }
            }
          }
        },
        "reply_to_post_1_3": {
          "username": "koalasj789",
          "message": "虚偽記憶って聞いたことある？その話に関係してるかも。このまえ友達に会ったんだけど、その子、会えてよかったーとかすごい喜んでんの。こっちのスケジュールが詰まってて、2週間も会えてなかったとか言うんだよね。でも自分は、5日前に会って話をしたっていう記憶がしっかりある。その時のお互いの服も覚えてるし、会話の断片も覚えてる。友達の方は出会ったことを全然覚えてないんだ。\n\n虚偽記憶の可能性を調べたんだけど、仕事のせいでストレスたまって孤独な感じがしてたから、それ以前に会ったときの記憶とごっちゃになったのかなぁって。記憶に影響するような、何か圧迫感みたいなのを経験してない？\n\nまとめると、圧迫感を感じてると、何かを間違えて覚えてることがある。そういうことじゃない？",
          "unix_time": 1415851380,
          "up_vote": 7,
          "replies": {
            "reply_to_post_1_3_1": {
              "username": "BoyaTheDemon",
              "message": "家のことはすごく順調って感じでもないから、悩みがあるとは言えるかな。潜在的な障害とか体の不調とかが関係してる可能性はある？",
              "unix_time": 1416024180,
              "replies": {
                "reply_to_post_1_3_1_1": {
                  "username": "koalasj789",
                  "unix_time": 1416031380,
                  "message": "頭を打ってケガしたとかかね？それが作話を引き起こすことは知られてる。高次思考に影響を及ぼす記憶障害の症状だけど。心理的なトラウマもファクターとなる可能性はあると思う。虚偽記憶は、PTSDと診断された人の間ではよく見られる。このケースがそうだって言ってるわけじゃないけど、精神的に影響を及ぼした何かが引き金になってるってことはあるかもしれない。"
                }
              }
            }
          }
        },
        "reply_to_post_1_4": {
          "username": "s4b40k",
          "unix_time": 1416445380,
          "message": "デジャヴェクのことを調べてるけど、思てたよりずっとよくある話みたい。どうも虚偽記憶が作られるって、びっくりするほど簡単ぽい。記憶というのはすごく複雑で、外部要因に影響されやすいから。",
          "up_vote": 4,
          "replies": {
            "reply_to_post_1_4_1": {
              "username": "spellcheckbot",
              "unix_time": 1416445480,
              "message": "「思てた」は間違い！正しくは「思ってた」。",
              "replies": {
                "reply_to_post_1_4_1_1": {
                  "username": "s4b40k",
                  "unix_time": 1416445580,
                  "message": "ありがとう、spellcheckbot。"
                },
                "reply_to_post_1_4_1_2": {
                  "username": "semickolon",
                  "unix_time": 1416531780,
                  "message": "デジャヴェクとかああいう難しい言葉を間違えないのに、なんで「思ってた」を町がえる？",
                  "replies": {
                    "reply_to_post_1_4_1_2_1": {
                      "username": "spellcheckbot",
                      "unix_time": 1416542580,
                      "message": "「町がえる」は間違い！正しくは「間違える」。",
                      "up_vote": 999
                    }
                  }
                }
              }
            }
          }
        },
        "reply_to_post_1_5": {
          "username": "YAEA_12",
          "unix_time": 1415851380,
          "message": "自分も感じたことある。それは絶対本当に起きたことだ、って確信してるっていうのが最悪で。知ってることを全部疑いたくなるし、まわりの人間が信じられなくなる。",
          "up_vote": 3,
          "replies": {
            "reply_to_post_1_5_1": {
              "username": "BoyaTheDemon",
              "unix_time": 1416031380,
              "message": "自分の場合、自分の中で根を下ろしてる不安定さの現れかなって思う。脳がそういう偽の出来事を作って、「シールド」してたり「守って」くれたりしてるのかも？この筋の通らない恐怖が、論理的な思考を上書きしてるのかもしれない。",
              "replies": {
                "reply_to_post_1_5_1_1": {
                  "username": "YAEA_12",
                  "unix_time": 1416031480,
                  "message": "それはある話の気がする。とにかく、そういうパターンは前に見たことがある。"
                }
              }
            }
          }
        }
      }
    }
  }
}
