﻿{
  "posts": {
    "8k68gksm": {
      "subgeddit": "AskGeddit",
      "title": "有非常强烈的长时间的似曾相识感正常吗？",
      "message": "我对似曾相识感一向不陌生，但最近这个情况变得更严重了，而且持续时间长达20秒。感觉我差点就要崩溃了，好像彻底迷糊了，不知今夕是何夕。有人有过这种感觉吗？有谁能解释这个问题吗？",
      "username": "BoyaTheDemon",
      "unix_time": 1415689025,
      "up_vote": 73,
      "replies": {
        "reply_to_post_1_1": {
          "username": "amongoose61518",
          "message": "我觉得你说的这个应该叫做“似曾经历”。我也是最近遇到这种情况才知道的。就好像曾经历过一连串完整的事件。我甚至能准确预测那三十秒左右的时间会发生什么。",
          "unix_time": 1415692985,
          "up_vote": 10,
          "replies": {
            "reply_to_post_1_1_1": {
              "username": "BoyaTheDemon",
              "message": "是啊，真把我吓坏了。我还在想办法搞清楚这是怎么回事。我打算找医生看看，或许检查下是不是得了焦虑症。",
              "up_vote": 2,
              "unix_time": 1415696580,
              "replies": {
                "reply_to_post_1_1_1_1": {
                  "username": "mechatentacles",
                  "message": "能分享下你的医生怎么说的吗？我也一直担心这会不会是某种焦虑症或其他什么症。",
                  "unix_time": 1416542580
                }
              }
            },
            "reply_to_post_1_1_2": {
              "username": "HiImNewHere323232",
              "message": "太夸张了吧。我也有过似曾相识，但从来没到那种程度。会不会是妄想症的症状啊？",
              "unix_time": 1415768580,
              "up_vote": 2,
              "replies": {
                "reply_to_post_1_1_2_1": {
                  "username": "BoyaTheDemon",
                  "message": "那是似曾相识感引发妄想症，还是妄想症引发似曾相识感？？",
                  "unix_time": 1415858580,
                  "up_vote": 4
                }
              }
            }
          }
        },
        "reply_to_post_1_3": {
          "username": "koalasj789",
          "message": "听说过虚假记忆吗？你或许会感兴趣哦。我最近见了个朋友，她特别高兴，因为我总是很忙，已经两周没跟她见过了。但是，我百分百确信我们五天前碰到过了。我甚至还记得我们那天穿的衣服，还有对话的片段。只是她对这次会面一点印象都没有。\n\n我查了下虚假记忆的可能性，觉得我说不定是把之前几次见面的场景搞混了，因为我最近工作压力太大，感觉特别孤独。你是不是受到了某种可能影响记忆的压迫？\n\n太长不看版：有时候遭受压力会导致记忆混乱。会不会是这个原因？",
          "unix_time": 1415851380,
          "up_vote": 7,
          "replies": {
            "reply_to_post_1_3_1": {
              "username": "BoyaTheDemon",
              "message": "在家的日子也不是一直顺风顺水，所以可以说我有些烦心事。有没有可能涉及到某种潜在的病症或者状况什么的？",
              "unix_time": 1416024180,
              "replies": {
                "reply_to_post_1_3_1_1": {
                  "username": "koalasj789",
                  "unix_time": 1416031380,
                  "message": "或许是头部创伤的缘故？据说这个会引发虚构症，也就是一种会影响高级思维的记忆障碍症状。我觉得心理创伤也有可能。患有PTSD的人常常伴随着虚假记忆。我不是说你就有这个病，只是可能你这种情况是某种影响心理的因素触发的。"
                }
              }
            }
          }
        },
        "reply_to_post_1_4": {
          "username": "s4b40k",
          "unix_time": 1416445380,
          "message": "我一直在研究似曾经历的现象，发现这个比我想像中更常见。由于我们的记忆非常复杂，又特别容易受外部因素影响，所以形成虚假记忆似乎简单到可怕。",
          "up_vote": 4,
          "replies": {
            "reply_to_post_1_4_1": {
              "username": "错字检查机器人",
              "unix_time": 1416445480,
              "message": "“想像”打错了！正确的词是“想象”。",
              "replies": {
                "reply_to_post_1_4_1_1": {
                  "username": "s4b40k",
                  "unix_time": 1416445580,
                  "message": "谢谢你，错字检查机器人。"
                },
                "reply_to_post_1_4_1_2": {
                  "username": "semickolon",
                  "unix_time": 1416531780,
                  "message": "为什么你打对了似曾经历之类的专业词汇，却把想象答错了？",
                  "replies": {
                    "reply_to_post_1_4_1_2_1": {
                      "username": "错字检查机器人",
                      "unix_time": 1416542580,
                      "message": "“答错”打错了！正确的词是“打错”。",
                      "up_vote": 999
                    }
                  }
                }
              }
            }
          }
        },
        "reply_to_post_1_5": {
          "username": "YAEA_12",
          "unix_time": 1415851380,
          "message": "我也有这种感觉。最烦人的是，我真的百分百确定某些事情发生过。搞得我现在对脑子里的什么事都怀疑，对周围的什么人都不信任。",
          "up_vote": 3,
          "replies": {
            "reply_to_post_1_5_1": {
              "username": "BoyaTheDemon",
              "unix_time": 1416031380,
              "message": "我觉得对我来说，这个可能是内心不安的一种体现。或许我们的大脑创造这些虚假记忆是为了“保护”我们，给我们“套盾”？说不定这些不理性的恐惧压制了我们的逻辑思维。",
              "replies": {
                "reply_to_post_1_5_1_1": {
                  "username": "YAEA_12",
                  "unix_time": 1416031480,
                  "message": "感觉说得通诶。至少这是我们以前观察到的一种模式。"
                }
              }
            }
          }
        }
      }
    }
  }
}
