{
    "ruling-hoax": {
        "title": "Die Katastrophe ist ein Schwindel",
        "date": "20. November 2014",
        "author": "Leon Carmona",
        "body": "Wir alle haben von der „Katastrophe“ oder der „Strafe Gottes“ gehört, dem verheerenden Vorfall, der sich vor ein paar Monaten ereignete. Ein Erdbeben der Stärke 8,2 hat im Norden von Luzon Straßen zerstört, Gebäude zum Einsturz und unzählige Menschen ins Krankenhaus gebracht.\n\nWas viele aber nicht wissen, ist, dass es sich bei der Katastrophe um einen großen Schwindel handelt.\n\nIch behaupte nicht, dass das Erdbeben nicht stattgefunden hat. Das lässt sich leicht beweisen. Das Ausmaß der Zerstörung wurde aber maßlos übertrieben.\n\nSie glauben mir nicht? Das sind die Fakten: Das Erdbeben hat unser Land erschüttert und unsere Mitbürger mussten leiden. Allerdings nutzen die Machthaber die Angst des Volkes nun aus, um uns zu kontrollieren.\n\nDenken Sie mal darüber nach. Wie viele Menschen waren wirklich von der Katastrophe betroffen? Wie viele Menschen, die Sie tatsächlich kennen, waren von der Katastrophe betroffen? In Wahrheit ist der Schaden, den dieses Ereignis verursacht hat, viel geringer, als die Medien uns glauben machen wollen.\n\nErinnern Sie sich an das Mango-Bananen-Hybrid-Experiment? Warum sollte die Regierung die Zeit und den Luxus haben, sich mit so etwas zu befassen?\n\n Wir müssen die Wahrheit erkennen und die Katastrophe als das begreifen, was sie wirklich ist: eine Gelegenheit der Machthaber, uns durch Panikmache auf Linie zu halten. Ein Schwindel.\n\nAlso, Brüder und Schwestern, lasst euch nicht kontrollieren. Seht euch die Zahlen an. Seht euch die Wahrheit an. Wir lassen uns nicht beherrschen. #WirLassenUnsNichtBeherrschen"
    }
}
