{
    "ruling-hoax": {
        "title": "La Sentencia es una farsa",
        "date": "20 Nov 2014",
        "author": "Leon Carmona",
        "body": "A estas alturas, todos estamos familiarizados con el evento conocido como la Sentencia o el Juicio, el devastador desastre ocurrido hace unos meses. Un terremoto de magnitud 8,2 con epicentro en el norte de Luzón destruyó carreteras, derrumbó edificios y ocasionó incontables heridos.\n\nLo que mucha gente no sabe es que la Sentencia no es más que una farsa.\n\nNo digo que el terremoto no ocurriera, está claro que eso es demostrable. Sin embargo, se han exagerado en gran medida los daños ocasionados.\n\n¿No me creéis? Os presento los hechos: ha habido una serie de terremotos que afectaron a nuestro país, y la gente sufrió. Pero ahora, quienquiera que está al mando está usando el miedo provocado por la catástrofe para controlar a nuestra gente.\n\nPensadlo bien. ¿A cuánta gente ha afectado realmente la Sentencia? ¿A cuántos conocidos les ha afectado? Lo cierto es que los daños causados por el acontecimiento han sido mucho menores de lo que los medios quieren que creamos.\n\n¿Recordáis el experimento de creación de frutas híbridas entre mangos y bananas? ¿De dónde creéis que sacaría el gobierno el tiempo y la financiación para hacer esas cosas si no fuera así?\n\n No podemos seguir ignorando la verdad. Tenemos que abrir los ojos y ver que la Sentencia no es más que una oportunidad para infundir el miedo en las masas para mantenernos a raya. Una farsa.\n\nHermanos y hermanas, no dejéis que os controlen. Las cifras no mienten. Abrid los ojos a la verdad. No nos controlarán. #NoNosControlarán"
    }
}
