{
    "ruling-hoax": {
        "title": "大裁决实为骗局",
        "date": "2014年11月20日",
        "author": "莱昂·卡莫纳",
        "body": "我们都听说了“大裁决”或者“大审判”，也就是几个月前发生的惊天浩劫。北吕宋岛发生8.2级大地震，道路损毁，建筑坍塌，致使医院人满为患。\n\n但很多人不知道的是，大裁决其实是一场骗局。\n\n当然，并不是说地震是假的。这个很容易证实。然而，这场灾难的严重程度却被过分夸大了。\n\n不相信我的话？那就来看看事实。地震袭击了我们国家，民众受苦受难。然而，上面的人却在利用民众内心的恐惧来控制我们。\n\n想想吧。有多少人真正受到了大裁决的影响？你们认识的人当中究竟有多少受到了大裁决的影响？事实真相是，这场灾难造成的损失远远小于媒体想要我们相信的规模。\n\n记得那个芒果香蕉杂交实验吗？你们觉得政府为什么有那闲心折腾这种东西？\n\n我们必须从谎言编织的迷梦中醒过来，认清大裁决的真面目：这不过是统治者用来管束我们的恐吓策略。一场骗局。\n\n因此，兄弟姐妹们，不要被他们控制了。用数据说话。看清楚真相。反对裁决统治。#反对裁决统治"
    }
}
