{
    "ruling-hoax": {
        "title": "Fake News ang The Ruling",
        "date": "20 Nov 2014",
        "author": "Leon Carmona",
        "body": "Narinig na nating lahat ang The Ruling o The Judgement, ang mapangwasak na pangyayaring naganap ilang buwan na ang nakalipas. Isang 8.2 magnitude na lindol sa Hilagang Luzon ang sumira sa mga kalsada, nagpatumba ng mga gusali, at nagdala ng hindi mabilang na tao sa ospital.\n\nGayunpaman, ang hindi alam ng maraming tao ay isang panloloko ang Ruling.\n\nPero, hindi ko sinasabing peke ang lindol. Madaling mapatunayan iyon. Gayunpaman, ang lawak ng pagkasira ay pinagmumukha lang sobra-sobra sa totoo nitong lawak.\n\nHindi naniniwala sa akin? Narito ang mga nalalaman natin. Tumama sa ating bansa ang mga lindol at nagdusa ang mga tao. At ngayon, ginagamit ng kung sino mang namumuno sa atin ang takot na dinulot nito para kontrolin tayo.\n\nPag-isipan ito. Ilang tao ang tunay na naapektuhan ng Ruling? Gaano karaming tao na kilala mo ang naapektuhan ng Ruling? Ang katotohanan, maliit lamang na pinsala ang dinulot ng pangyayaring ito kumpara sa gusto ng media na paniwalaan natin.\n\nNaalala niyo ang mango-banana hybrid experiment? Sa palagay niyo, bakit may oras at luho ang gobyerno para gawin ang mga bagay na ito?\n\n Kailangan nating magising sa katotohanan at makita ang The Ruling sa kung ano talaga ito: isang pagkakataon na sinamantala ng mga namumuno para takutin tayo at gawin tayong sunud-sunuran. Isang panloloko.\n\nKaya mga kapatid, huwag niyong hayaang kontrolin kayo. Tingnan ang mga datos. Tingnan ang katotohanan. We will not be ruled. #WeWillNotBeRuled"
    }
}
