{
    "ruling-hoax": {
        "title": "裁定はデマ",
        "date": "2014/11/20",
        "author": "レオン・カルモナ",
        "body": "裁定または審判のことは、誰もが聞いたことがあるはずです。数か月前に起きた壊滅的な出来事です。北部ルソンで起きたマグニチュード8.2の地震は道路を破壊し、建物を崩壊させ、数え切れないほどの人々を病院へ送りました。\n\nしかし多くの人が知らないのは、裁定がデマであるということです。\n\n地震が偽物だったと言っているわけではありません。それは簡単に証明できます。ただし、破壊の規模については大きく誇張されています。\n\n私の言うことが信じられないとおっしゃるのでしょうか。ここに事実があります。地震は我が国を襲い、人々は苦しんでいます。しかし今、責任ある立場の人間は人々に浸透した恐怖を利用して、私たちを支配しようとしているのです。\n\n考えてみてください。裁定に本当に被害を受けた人は何人いるのでしょう？裁定の被害を受けた人を、あなたは実際に何人知っていますか？本当は、この出来事で起きた被害は、メディアが私たちに信じさせようとしているよりもはるかに小さいのです。\n\nマンゴー・バナナ・ハイブリッド実験のことを覚えていますか？政府はなぜ、そのようなことをする時間とお金があるのでしょう？\n\n私たちは真実に目覚め、「裁定」が本当はどういうものなのかを見なければなりません。それは、権力者がそれを恐怖戦術として利用し、私たちを思い通りにするチャンスなのです。デマです。\n\n兄弟姉妹の皆さん、支配されてはいけません。数字を見てください。真実を見てください。私たちは支配されません。#私たちは支配されない"
    }
}
