{
    "ruling-hoax": {
        "title": "Le Décret est un coup monté",
        "date": "20 Nov 2014",
        "author": "Léon Carmona",
        "body": "Personne n'a oublié le Décret, aussi appelé le Jugement : cet évènement dévastateur qui bouleversa le monde il y a seulement quelques mois. Un séisme de magnitude 8,2 dans le nord de Luzon a détruit des routes, ravagé des infrastructures, et fait d'innombrables victimes qui occupent encore aujourd'hui les hôpitaux.\n\nToutefois, ce que de nombreuses personnes ignorent, c'est que le Décret est un coup monté.\n\nAvant de protester, comprenez bien que je n'accuse pas le séisme en lui-même d'être faux. Sa véracité est facile à prouver. L'étendue des dégâts, en revanche, a été grandement exagérée.\n\nVous ne me croyez pas ? Voici les faits : des séismes ont frappé le pays, et de nombreuses personnes en ont souffert. Toutefois, le gouvernement continue d'utiliser la peur instillée dans nos esprits pour contrôler le peuple.\n\nRéfléchissez : combien de personnes ont réellement été affectées par le Décret ? Combien de vos proches ont réellement été affectés par le Décret ? La vérité, c'est que les dégâts provoqués par la catastrophe sont bien moindres que ce que les médias veulent nous faire croire.\n\nVous vous souvenez de l'expérience visant à croiser une mangue et une banane ? À votre avis, comment le gouvernement peut-il avoir le temps et le luxe de mener de telles expériences ?\n\n Il est plus que temps de nous réveiller et d'ouvrir les yeux sur la réalité du Décret : une simple opportunité pour les élites de nous contrôler par la terreur. Un coup monté.\n\nAlors, mes frères et mes sœurs, ne vous laissez plus contrôler. Regardez les chiffres. Regardez la vérité. Ils ne décrèteront rien. #IlsNeDécrèterontRien"
    }
}
