{
    "ruling-hoax": {
        "title": "Il Cataclisma è una bufala",
        "date": "20 Nov 2014",
        "author": "Leon Carmona",
        "body": "Abbiamo tutti sentito parlare del Cataclisma o Giudizio, il devastante evento accaduto qualche mese fa. Un terremoto di magnitudo 8,2 nel Luzon settentrionale ha distrutto strade, fatto crollare edifici e spedito in ospedale una miriade di persone.\n\nPerò quello che molti non sanno è che il Cataclisma è una bufala.\n\nOra, non sto dicendo che il terremoto non ci sia stato. È facile da dimostrare. Tuttavia, la portata della devastazione è stata ampiamente esagerata.\n\nNon mi credete? Ecco i fatti. I terremoti hanno colpito il nostro paese e le persone hanno sofferto. Ora, però, chiunque sia al potere sta usando la paura inculcata nella nostra gente per controllarci.\n\nPensateci. Quante persone sono davvero state colpite dal Cataclisma? Quante persone che conoscete state colpite dal Cataclisma? La verità è che i danni causati da questo evento sono stati molto minori di quanto i media vogliono farci credere.\n\nRicordate l'esperimento dell'ibrido tra mango e banana? Perché credete che il governo abbia il tempo e le disponibilità per fare cose del genere?\n\n Dobbiamo aprire gli occhi di fronte alla realtà e vedere il Cataclisma per quello che è davvero: un'opportunità che chi comanda ha sfruttato per spaventarci e tenerci in riga. Una bufala.\n\nQuindi, fratelli e sorelle, non lasciatevi controllare. Analizzate i numeri. Cercate la verità. Non ci faremo mettere i piedi in testa. #NonCiFaremoComandare"
    }
}
