﻿{
    "ch5sc8": {
        "rescue_team_letter": "2014/2/20\n\nボルハ様\n\n現時点で、捜索および救出の専門チームに人員をさくことが不可能であることを、深くお詫びしつつお知らせいたします。2014年2月12日に発生した原因不明の大災害により、現在、すべての労力を被害を受けた地域の救出及び支援活動に振り向けております。\n\n愛する方である[b]マリア・C・ボルハ[/b]様が行方不明であることに対し、心からお見舞い申し上げます。不明な原因により航空機が消失したことの痛みは計り知れないものとお察しいたします。捜索のご尽力に対し、ご幸運をお祈りします。\n\n敬具\nフィリピン国際空港",
        "news_article": "消失の航空機、いまだ発見されず\n\n2014/2/11\n\n2014年2月9日、マカバヤン航空P-111はフィリピン国際空港に向かう途中、台風の中で行方不明になった。\n\nマカバヤン航空の広報担当者フェリシティ・ラモスによると、同社は全力で同機の追跡と位置特定に努めているが、調査は進展を見ていない。\n\nラモスはさらに、「行方不明の乗客の皆様のご家族に対し、心からのお見舞いを申し上げます。ご質問には誠意をもってお答えし、愛する方々を見つけられますことを望んでおります」と述べた。\n\nフライト時は雨天だったが、当局は、その異常な嵐がそれほどの強度と速度に成長するとは予想していなかった。\n\n捜索および救出チームと、有志によるボランティアが休みなく調査に尽力している。",
        "makabayan_airlines_letter": "2014/2/10\n\nボルハ様およびご家族の皆様\n\nP-111便に搭乗されていたことが既に確認されております[b]マリア・C・ボルハ[/b]様の捜索状況に関して、ご質問を承りました。残念ながら、行方不明の航空機および当該機にご搭乗のすべての乗客の皆様に関する調査については、いまだ新たな手がかりはない状況です。弊社は愛する方とご心配の皆様への解答を発見するためにすべての労力を集中することをお約束いたします。調査に関して進展がありましたら、できる限り早急にお知らせいたします。\n\nこの悲劇によって引き起こされた苦痛と悲嘆に対して、改めて深くお詫び申し上げます。マカバヤン航空におきましては、乗客の皆様すべての無事と安全を確保するために最善を尽くしております。異常な台風の発生は事故であり、そのようなことが二度と起きないことをお約束いたします。\n\n近日中に再びお知らせできますことを望んでおります。\n\nマブハイ\nセルマ・ロドリゲス\nマカバヤン航空",
        "health_cert_dad": "関係者各位：\n\n本書類は、私、署名者[b]ジョセフ・ド・レオン博士[/b]が[b]2011年3月15日[/b]に[b]パオロ・H・ボルハ[/b]を検査したことを証明するものです。検査により、当人は健全な精神および身体の持ち主であり、肉体に負担のかかる労働およびその他の重労働を行えるものであると結論されました。\n\n（海外における労働可能）\n\n署名\nジョセフ・ド・レオン医学博士",
        "health_cert_mom": "関係者各位：\n\n本書類は、私、署名者[b]ジョセフ・ド・レオン博士[/b]が[b]2011年3月15日[/b]に[b]マリア・C・ボルハ[/b]を検査したことを証明するものです。検査により、当人は健全な精神および身体の持ち主であり、肉体に負担のかかる労働およびその他の重労働を行えるものであると結論されました。\n\n（海外における労働可能）\n\n署名\nジョセフ・ド・レオン医学博士",
        "oec_dad": "[b]OFW ID：[/b]P1146733210\n[b]氏名：[/b]パオロ・H・ボルハ\n[b]技能：[/b]電気技師\n[b]パスポート番号：[/b]PC96305\n[b]就業地：[/b]アラブ首長国連邦\n[b]主責務者：[/b]アル・ヌラ電気機械工業株式会社\n[b]処理日：[/b]2011/4/22\n[b]出国期限：[/b]2016/4/22",
        "oec_mom": "[b]OFW ID：[/b]P1146733210\n[b]氏名：[/b]マリア・C・ボルハ\n[b]技能：[/b]家事労働者\n[b]パスポート番号：[/b]PC42078\n[b]就業地：[/b]アラブ首長国連邦\n[b]主責務者：[/b]マンスール・カーン\n[b]処理日：[/b]2011/4/22\n[b]出国期限：[/b]2016/4/22",
        "valid_id_dad": "[b]運輸省\n一般運転免許[/b]\n\n姓、名、ミドルネーム：ボルハ、パオロ、エルナン\n国籍：フィリピン\n性別：男\n生年月日：1973/05/12\n住所：ボニファシオ市マリラグ区サントドミンゴ通り39\n免許番号：X16-25-00076\n有効期限：2015/05/16\n血液型：O、目の色：茶\n\n[b]署名\nエドガル・A・モンテス（長官補佐）[/b]",
        "valid_id_mom": "[b]選挙委員会 - 有権者ID[/b]\n\n[b]ボルハ、マリア・カレオン[/b]\n生年月日：1976年9月7日\n結婚状況：既婚\n市民権：フィリピン人\n住所：ボニファシオ市マリラグ区サントドミンゴ通り39\n地区番号：[b]0119B[/b]\n\n署名\nフリオ・S・ディマクランガン・ジュニア\n選挙委員会会長"
    },
    "ch5sc11":
    {
        "condolence_letter_1": "この辛い時期、愛の心があなたに寄り添います。\n\nティト・ボーイ＆ティタ・ベイビー",
        "condolence_letter_2": "心よりお悔やみ申し上げます。\n\n辛い時期に、まわりの人々の愛が助けとなりますように。\n\n- リアムソン統合学校",
        "condolence_letter_3": "深くお悔やみ申し上げます。\n\n愛をこめて、サルヴァ・クルス家"
    },
    "ch10sc1":
    {
        "rejection_letter": "ルイーズ・オルドゥニア様\n\n当学物理学科理学士課程に興味をお持ちいただき、ありがとうございます。当委員会はお送りいただいた申請書を審査させていただきました。\n\n残念ながら、ニューハンプトン大学へのご入学は承認されないことをお伝えいたします。多くの時間と努力を申請書類に費やされたことを理解しており、あなたの選択肢のひとつとして当学が選ばれたことを光栄に感じております。\n\n本年、応募者の数は最大となっており、選考は困難を極めました。当学の定員内では、入学を認められる学生の数は限られております。\n\nしかしながら、あなたの感銘すべき学術的記録についてはお祝いを述べさせていただきます。今後も学術的優越さを追求されることと考えます。学業と未来の幸運をお祈りしています！\n\nご不明な点がありましたら、ご遠慮なくお問い合わせください。\n\nアドリアンヌ・ベレス\n入学選考委員\nニューハンプトン大学"
    },
    "lo5sc2":
    {
        "louise_note": "- 最初、これらは裁定の被害者や出来事の濃度と、量子ゆらぎの相互作用と思われた。\n\n- しかし、予想に反し、最多数の避難者および被害者が助けを求める場所であるモンドラゴン病院病院では、ゆらぎは全く記録されていない。\n\n- これにより、私はこの相互作用仮説は間違いであるに違いないと考えるに至った。実際に、当初から論拠は薄弱と思われたが、それは二重スリット実験の明白な法則違反および、そこから導かれる現在の粒子と波動の二重性の理解も同様である。"

    }
}
