﻿{
    "ch5sc8": {
        "rescue_team_letter": "2014年2月20日\n\n尊敬的博尔哈先生：\n\n非常遗憾地通知您，我们目前实在无法腾出人手组建特别搜救队。继2014年2月12日发生的一系列不明灾难事件之后，我们一直在受灾区域争分夺秒地展开抢险救援行动。\n\n对于您的爱人[b]玛莉亚·C·博尔哈[/b]的失踪，我们深表同情。航班莫名失踪带来的痛苦肯定难以想象，我们希望您接下来一切顺利。\n\n祝好，\n菲律宾国际机场",
        "news_article": "失踪航班仍无音讯\n\n2014年2月11日\n\n2014年2月9日，马卡巴延航空公司旗下P-111航班在飞往菲律宾国际机场途中遭遇台风失踪。\n\n马卡巴延航空公司发言人费利西蒂·拉莫斯表示，他们正在竭尽全力追踪出事飞机的位置，但调查工作暂未发现新的线索。\n\n“我们对失踪乘客的家人致以最深切的同情，”拉莫斯继续说道。“我们会尽我们所能回答诸位的问题，也希望找到大家珍视的人。”\n\n自航班出发那天起就一直在下雨，但气象机构没有料到突发暴风雨的强度和速度会加剧到如此地步。\n\n搜救队以及热心志愿者一直在不知疲倦地协助开展调查工作。",
        "makabayan_airlines_letter": "2014年2月10日\n\n尊敬的博尔哈先生一家：\n\n我们收到了您关于已被事先确认为P-111航班乘客的[b]玛莉亚·C·博尔哈[/b]搜救状态的询问。非常遗憾地通知您，失踪航班以及机上所有人员的调查工作暂未发现新的线索。但请放心，我们正在集中一切力量为您和您深爱的人寻找答案，如事件有任何进展，我们会第一时间与您联系。\n\n对于这场悲剧造成的痛苦和悲伤，我们再一次致以深切的歉意。马卡巴延航空始终不遗余力地确保我们所有乘客的安全。此次突发台风是一场意外，我们今后绝不会再允许这种事故发生。\n\n期待很快再次为您提供服务。\n\n生活万岁！\n塞尔玛·罗德里格斯\n马卡巴延航空",
        "health_cert_dad": "敬启者：\n\n特此证明，本人[b]约瑟夫·德·莱昂医生[/b]（签名如下）于[b]2011年3月15日[/b]对[b]保罗·H·博尔哈[/b]进行体检。体检结果显示，其身心健康状况足以进行重体力劳动及其他剧烈运动。\n\n（可在国外工作）\n\n签名\n约瑟夫·德·莱昂，医学博士",
        "health_cert_mom": "敬启者：\n\n特此证明，本人[b]约瑟夫·德·莱昂医生[/b]（签名如下）于[b]2011年3月15日[/b]对[b]玛莉亚·C·博尔哈[/b]进行体检。体检结果显示，其身心健康状况足以进行重体力劳动及其他剧烈运动。\n\n（可在国外工作）\n\n签名\n约瑟夫·德·莱昂，医学博士",
        "oec_dad": "[b]OFW ID：[/b]P1146733210\n[b]姓名：[/b]保罗·H·博尔哈\n[b]职位：[/b]电气工程师\n[b]护照编号：[/b]PC96305\n[b]工作地点：[/b]阿拉伯联合酋长国\n[b]委托者：[/b]Al努拉机电工程公司\n[b]审核日期：[/b]2011/04/22\n[b]出境截止日期：[/b]2016/04/22",
        "oec_mom": "[b]OFW ID：[/b]P1146733211\n[b]姓名：[/b]玛莉亚·C·博尔哈\n[b]职位：[/b]家庭佣工\n[b]护照编号：[/b]PC42078\n[b]工作地点：[/b]阿拉伯联合酋长国\n[b]委托者：[/b]曼苏尔·汗\n[b]审核日期：[/b]2011/04/22\n[b]出境截止日期：[/b]2016/04/22",
        "valid_id_dad": "[b]交通部\n非专业驾驶执照[/b]\n\n姓、名、中间名：博尔哈、保罗、埃尔南\n国籍：菲律宾\n性别：男\n出生日期：1973/05/12\n地址：博尼法西奥城马里拉格描笼涯圣多明各街39号\n执照编号：X16-25-00076\n到期日：2015/05/16\n血型：O，眼睛颜色：棕色\n\n[b]签名：\n埃德加·A·蒙特斯（助理秘书）[/b]",
        "valid_id_mom": "[b]选举委员会 - 投票者ID[/b]\n\n[b]博尔哈、玛莉亚、卡瑞恩[/b]\n出生日期：1976年9月7日\n婚姻状况：已婚\n公民身份：菲律宾人\n地址：博尼法西奥城马里拉格描笼涯圣多明各街39号\n选区编号：[b]0119B[/b]\n\n签名：\n小胡里奥·S·迪马库兰甘\n选举委员会主席"
    },
    "ch5sc11":
    {
        "condolence_letter_1": "愿爱伴你度过艰难时光。\n\n——布瓦叔叔和贝比阿姨",
        "condolence_letter_2": "我们对你的遭遇深表同情。\n\n愿亲朋好友的爱助你渡过难关。\n\n——利亚姆森综合学校",
        "condolence_letter_3": "节哀顺变。\n\n——萨尔瓦·克鲁斯一家"
    },
    "ch10sc1":
    {
        "rejection_letter": "露易丝·奥尔杜尼亚女士：\n\n非常感谢您对我们的物理学学士项目表示兴趣。我们的委员会已将您的申请审核完毕。\n\n在此遗憾地通知您，我们无法录取您就读新汉普顿大学。我们理解您花费了大量时间和精力准备申请，也很荣幸您将我们纳入选择范围。\n\n我们今年收到的申请数量达到历年之最，但学校能够招收的合格学生数量有限，因此这一决定并不容易。\n\n尽管如此，我们依然想要对您出色的学业成绩表示祝贺。相信您接下来会继续在学业上追求卓越。祝愿您的研究事业顺利，前程似锦！\n\n如有任何问题，欢迎联系我们。\n\n阿德里安娜·维莱兹女士\n招生委员长\n新汉普顿大学"
    },
    "lo5sc2":
    {
        "louise_note": "- 一开始，大裁决受害者/灾难事件集中程度与量子波动之间似乎存在相关性。\n\n- 然而，出乎意料的是，前来求助的难民和受害者数量最多的蒙德拉贡医院却没有记录到任何波动。\n\n- 由此，我认为这种相关性并不存在。反正这个推测从一开始似乎就站不住脚，但双缝实验明显异常的结果以及波粒二象性的现行理解看起来同样毫无根据。"

    }
}
